nameWithOwner,url,createdAt,stargazers,releases
iluwatar/java-design-patterns,https://github.com/iluwatar/java-design-patterns,2014-08-09T16:45:18Z,80205,0
spring-projects/spring-boot,https://github.com/spring-projects/spring-boot,2012-10-19T15:02:57Z,66040,163
elastic/elasticsearch,https://github.com/elastic/elasticsearch,2010-02-08T13:20:56Z,62985,108
spring-projects/spring-framework,https://github.com/spring-projects/spring-framework,2010-12-08T04:04:45Z,51029,249
google/guava,https://github.com/google/guava,2014-05-29T16:23:17Z,46953,35
ReactiveX/RxJava,https://github.com/ReactiveX/RxJava,2013-01-08T20:11:48Z,46861,231
square/retrofit,https://github.com/square/retrofit,2010-09-06T21:39:43Z,41252,0
apache/dubbo,https://github.com/apache/dubbo,2012-06-19T07:56:02Z,38521,74
PhilJay/MPAndroidChart,https://github.com/PhilJay/MPAndroidChart,2014-04-25T14:29:47Z,36211,44
skylot/jadx,https://github.com/skylot/jadx,2013-03-18T17:08:21Z,33651,27
eugenp/tutorials,https://github.com/eugenp/tutorials,2013-04-29T18:26:36Z,33583,0
bumptech/glide,https://github.com/bumptech/glide,2013-07-08T22:52:33Z,33419,44
dbeaver/dbeaver,https://github.com/dbeaver/dbeaver,2015-10-21T08:26:28Z,30963,171
netty/netty,https://github.com/netty/netty,2010-11-09T09:22:21Z,30824,0
zxing/zxing,https://github.com/zxing/zxing,2011-10-12T14:07:27Z,30753,29
alibaba/druid,https://github.com/alibaba/druid,2011-11-03T05:12:51Z,26626,48
SeleniumHQ/selenium,https://github.com/SeleniumHQ/selenium,2013-01-14T21:40:56Z,26005,80
JakeWharton/butterknife,https://github.com/JakeWharton/butterknife,2013-03-05T08:18:59Z,25654,0
dromara/hutool,https://github.com/dromara/hutool,2014-04-13T07:23:51Z,25620,129
alibaba/canal,https://github.com/alibaba/canal,2013-01-13T10:59:52Z,25192,26
apache/kafka,https://github.com/apache/kafka,2011-08-15T18:06:16Z,24368,0
greenrobot/EventBus,https://github.com/greenrobot/EventBus,2012-07-16T16:55:40Z,24275,7
xuxueli/xxl-job,https://github.com/xuxueli/xxl-job,2015-11-28T12:59:34Z,23752,31
signalapp/Signal-Android,https://github.com/signalapp/Signal-Android,2011-12-15T20:01:12Z,23394,0
Netflix/Hystrix,https://github.com/Netflix/Hystrix,2012-11-19T20:14:46Z,23244,79
TeamNewPipe/NewPipe,https://github.com/TeamNewPipe/NewPipe,2015-09-03T23:39:26Z,23003,124
google/gson,https://github.com/google/gson,2015-03-19T18:21:20Z,21907,6
DrKLO/Telegram,https://github.com/DrKLO/Telegram,2013-10-25T14:08:10Z,21670,79
apache/skywalking,https://github.com/apache/skywalking,2015-11-07T03:30:36Z,21398,55
libgdx/libgdx,https://github.com/libgdx/libgdx,2012-08-10T19:34:38Z,21211,9
apache/flink,https://github.com/apache/flink,2014-06-07T07:00:10Z,20823,0
redisson/redisson,https://github.com/redisson/redisson,2014-01-11T14:06:25Z,20746,120
google/ExoPlayer,https://github.com/google/ExoPlayer,2014-06-13T21:19:18Z,20486,23
bazelbuild/bazel,https://github.com/bazelbuild/bazel,2014-06-12T16:00:38Z,20416,194
jenkinsci/jenkins,https://github.com/jenkinsci/jenkins,2010-11-22T21:21:23Z,20396,245
termux/termux-app,https://github.com/termux/termux-app,2015-10-23T09:42:46Z,19935,89
ReactiveX/RxAndroid,https://github.com/ReactiveX/RxAndroid,2014-08-19T03:46:38Z,19767,20
EnterpriseQualityCoding/FizzBuzzEnterpriseEdition,https://github.com/EnterpriseQualityCoding/FizzBuzzEnterpriseEdition,2012-11-24T00:14:41Z,18714,0
Baseflow/PhotoView,https://github.com/Baseflow/PhotoView,2012-07-17T16:39:00Z,18452,5
mybatis/mybatis-3,https://github.com/mybatis/mybatis-3,2013-02-14T19:03:32Z,18253,40
brettwooldridge/HikariCP,https://github.com/brettwooldridge/HikariCP,2013-10-08T05:43:03Z,17934,0
dianping/cat,https://github.com/dianping/cat,2012-12-05T02:31:48Z,17585,3
facebook/fresco,https://github.com/facebook/fresco,2015-03-02T09:58:04Z,16920,45
nostra13/Android-Universal-Image-Loader,https://github.com/nostra13/Android-Universal-Image-Loader,2011-11-27T18:48:23Z,16813,0
winterbe/java8-tutorial,https://github.com/winterbe/java8-tutorial,2014-03-16T17:25:43Z,16193,0
iBotPeaches/Apktool,https://github.com/iBotPeaches/Apktool,2012-03-19T17:46:53Z,15867,16
LMAX-Exchange/disruptor,https://github.com/LMAX-Exchange/disruptor,2012-09-21T13:42:24Z,15811,13
android10/Android-CleanArchitecture,https://github.com/android10/Android-CleanArchitecture,2014-08-19T14:09:26Z,15304,0
keycloak/keycloak,https://github.com/keycloak/keycloak,2013-07-02T13:38:51Z,15226,33
medcl/elasticsearch-analysis-ik,https://github.com/medcl/elasticsearch-analysis-ik,2011-12-16T09:01:45Z,14856,184
prestodb/presto,https://github.com/prestodb/presto,2012-08-09T01:03:37Z,14525,0
hdodenhof/CircleImageView,https://github.com/hdodenhof/CircleImageView,2014-01-17T16:44:46Z,14390,0
antlr/antlr4,https://github.com/antlr/antlr4,2010-02-04T01:36:28Z,14024,28
mockito/mockito,https://github.com/mockito/mockito,2012-10-13T20:27:12Z,13751,199
Konloch/bytecode-viewer,https://github.com/Konloch/bytecode-viewer,2014-10-14T10:26:46Z,13569,58
lgvalle/Material-Animations,https://github.com/lgvalle/Material-Animations,2015-03-08T20:54:00Z,13552,0
orhanobut/logger,https://github.com/orhanobut/logger,2015-03-20T22:30:12Z,13536,16
arduino/Arduino,https://github.com/arduino/Arduino,2010-09-17T19:10:36Z,13437,37
eclipse-vertx/vert.x,https://github.com/eclipse-vertx/vert.x,2011-06-17T14:54:55Z,13435,0
elastic/logstash,https://github.com/elastic/logstash,2010-11-18T01:31:50Z,13322,108
apache/hadoop,https://github.com/apache/hadoop,2014-08-28T07:00:08Z,13317,0
ben-manes/caffeine,https://github.com/ben-manes/caffeine,2014-12-13T08:45:11Z,13262,65
Bigkoo/Android-PickerView,https://github.com/Bigkoo/Android-PickerView,2014-12-28T01:46:38Z,13257,0
google/tink,https://github.com/google/tink,2014-06-06T16:21:09Z,13048,21
lionsoul2014/ip2region,https://github.com/lionsoul2014/ip2region,2015-11-02T00:43:13Z,12971,0
deeplearning4j/deeplearning4j,https://github.com/deeplearning4j/deeplearning4j,2013-11-27T02:03:28Z,12815,0
pinpoint-apm/pinpoint,https://github.com/pinpoint-apm/pinpoint,2014-10-20T09:27:22Z,12639,52
facebook/stetho,https://github.com/facebook/stetho,2015-01-22T22:34:10Z,12623,13
greenrobot/greenDAO,https://github.com/greenrobot/greenDAO,2011-10-22T16:15:14Z,12561,8
Netflix/zuul,https://github.com/Netflix/zuul,2013-03-13T18:53:57Z,12479,5
apache/druid,https://github.com/apache/druid,2012-10-23T19:08:07Z,12458,53
daimajia/AndroidSwipeLayout,https://github.com/daimajia/AndroidSwipeLayout,2014-08-25T04:09:33Z,12277,18
java-decompiler/jd-gui,https://github.com/java-decompiler/jd-gui,2015-03-25T05:28:41Z,12268,18
daimajia/AndroidViewAnimations,https://github.com/daimajia/AndroidViewAnimations,2014-06-23T03:53:13Z,12244,9
sqshq/piggymetrics,https://github.com/sqshq/piggymetrics,2015-03-29T17:56:31Z,12200,2
google/guice,https://github.com/google/guice,2014-05-28T23:18:53Z,11811,15
Netflix/eureka,https://github.com/Netflix/eureka,2012-07-26T22:23:07Z,11730,146							
pagehelper/Mybatis-PageHelper,https://github.com/pagehelper/Mybatis-PageHelper,2014-06-09T15:32:30Z,11578,11							
codecentric/spring-boot-admin,https://github.com/codecentric/spring-boot-admin,2014-07-25T11:39:13Z,11561,99														
neo4j/neo4j,https://github.com/neo4j/neo4j,2012-11-12T08:46:15Z,11168,72							
jfeinstein10/SlidingMenu,https://github.com/jfeinstein10/SlidingMenu,2012-06-30T05:14:23Z,11132,0							
androidannotations/androidannotations,https://github.com/androidannotations/androidannotations,2012-01-06T08:48:03Z,11132,0							
apache/zookeeper,https://github.com/apache/zookeeper,2009-03-27T15:41:56Z,11121,0							
permissions-dispatcher/PermissionsDispatcher,https://github.com/permissions-dispatcher/PermissionsDispatcher,2015-08-15T21:41:05Z,11100,40							
redis/jedis,https://github.com/redis/jedis,2010-06-11T13:04:43Z,10954,74							
DuGuQiuBai/Java,https://github.com/DuGuQiuBai/Java,2015-11-25T07:30:08Z,10843,0						
H07000223/FlycoTabLayout,https://github.com/H07000223/FlycoTabLayout,2015-11-09T01:53:19Z,10813,4						
code4craft/webmagic,https://github.com/code4craft/webmagic,2013-04-23T12:57:36Z,10755,23						
lingochamp/FileDownloader,https://github.com/lingochamp/FileDownloader,2015-12-22T11:17:16Z,10745,65						
mission-peace/interview,https://github.com/mission-peace/interview,2014-07-20T21:27:31Z,10701,0						
pxb1988/dex2jar,https://github.com/pxb1988/dex2jar,2015-03-16T09:13:07Z,10687,6						
android-async-http/android-async-http,https://github.com/android-async-http/android-async-http,2011-02-20T03:25:07Z,10645,3						
zaproxy/zaproxy,https://github.com/zaproxy/zaproxy,2015-06-03T16:55:01Z,10578,308						
careercup/CtCI-6th-Edition,https://github.com/careercup/CtCI-6th-Edition,2015-07-02T06:28:46Z,10553,0						
tbruyelle/RxPermissions,https://github.com/tbruyelle/RxPermissions,2015-09-29T13:55:09Z,10426,11						
grpc/grpc-java,https://github.com/grpc/grpc-java,2014-12-08T19:00:00Z,10406,137						
questdb/questdb,https://github.com/questdb/questdb,2014-04-28T23:29:15Z,10226,62						
JakeWharton/ViewPagerIndicator,https://github.com/JakeWharton/ViewPagerIndicator,2011-08-04T17:13:44Z,10190,0
square/javapoet,https://github.com/square/javapoet,2013-02-01T16:56:30Z,10101,0
google/auto,https://github.com/google/auto,2013-05-22T21:41:56Z,10043,57
jhy/jsoup,https://github.com/jhy/jsoup,2009-12-19T01:29:58Z,10023,9
apereo/cas,https://github.com/apereo/cas,2011-09-09T01:36:42Z,10009,240
clojure/clojure,https://github.com/clojure/clojure,2010-06-29T20:03:33Z,9901,0
wasabeef/glide-transformations,https://github.com/wasabeef/glide-transformations,2015-01-09T10:33:29Z,9747,0
HarlonWang/AVLoadingIndicatorView,https://github.com/HarlonWang/AVLoadingIndicatorView,2015-10-24T20:18:33Z,9697,1
googlesamples/easypermissions,https://github.com/googlesamples/easypermissions,2015-12-22T18:05:53Z,9638,12
liaohuqiu/android-Ultra-Pull-To-Refresh,https://github.com/liaohuqiu/android-Ultra-Pull-To-Refresh,2014-11-13T03:13:10Z,9623,8
TooTallNate/Java-WebSocket,https://github.com/TooTallNate/Java-WebSocket,2010-01-20T23:33:04Z,9619,14
react-native-camera/react-native-camera,https://github.com/react-native-camera/react-native-camera,2015-04-01T00:54:40Z,9615,144
ksoichiro/Android-ObservableScrollView,https://github.com/ksoichiro/Android-ObservableScrollView,2014-11-08T14:45:20Z,9610,0
perwendel/spark,https://github.com/perwendel/spark,2011-05-05T11:52:05Z,9465,0
umano/AndroidSlidingUpPanel,https://github.com/umano/AndroidSlidingUpPanel,2013-05-31T18:33:53Z,9453,8
pockethub/PocketHub,https://github.com/pockethub/PocketHub,2011-09-08T16:52:50Z,9418,1
bilibili/DanmakuFlameMaster,https://github.com/bilibili/DanmakuFlameMaster,2013-08-11T12:18:50Z,9406,5
MyCATApache/Mycat-Server,https://github.com/MyCATApache/Mycat-Server,2014-12-04T02:46:54Z,9376,7
OpenRefine/OpenRefine,https://github.com/OpenRefine/OpenRefine,2012-10-15T02:22:48Z,9332,45
koral--/android-gif-drawable,https://github.com/koral--/android-gif-drawable,2013-01-30T01:37:46Z,9313,57
Activiti/Activiti,https://github.com/Activiti/Activiti,2012-09-13T11:34:43Z,9266,210
lzyzsd/JsBridge,https://github.com/lzyzsd/JsBridge,2015-02-26T12:10:58Z,9266,0
cryptomator/cryptomator,https://github.com/cryptomator/cryptomator,2014-02-02T00:43:47Z,9066,146
navasmdc/MaterialDesignLibrary,https://github.com/navasmdc/MaterialDesignLibrary,2014-09-30T07:37:17Z,9054,3
jwtk/jjwt,https://github.com/jwtk/jjwt,2014-09-13T01:06:24Z,8907,0
nathanmarz/storm,https://github.com/nathanmarz/storm,2011-09-17T07:55:13Z,8884,0
stanfordnlp/CoreNLP,https://github.com/stanfordnlp/CoreNLP,2013-06-27T21:13:49Z,8883,12
android/testing-samples,https://github.com/android/testing-samples,2014-10-11T03:51:27Z,8767,0
chrisbanes/Android-PullToRefresh,https://github.com/chrisbanes/Android-PullToRefresh,2011-11-29T09:59:56Z,8748,0
OpenFeign/feign,https://github.com/OpenFeign/feign,2013-06-26T23:28:16Z,8665,28
resilience4j/resilience4j,https://github.com/resilience4j/resilience4j,2015-06-03T09:21:01Z,8632,32
cats-oss/android-gpuimage,https://github.com/cats-oss/android-gpuimage,2012-10-04T08:11:58Z,8623,0
chrisjenx/Calligraphy,https://github.com/chrisjenx/Calligraphy,2013-12-20T02:35:45Z,8597,4
FreelanderFreelander/Android_Data,https://github.com/Freelander/Android_Data,2015-04-04T01:37:44Z,8595,0
Freelander/Android_Data,https://github.com/Freelander/Android_Data,2015-04-04T01:37:44Z,8595,0
junit-team/junit4,https://github.com/junit-team/junit4,2009-01-13T03:41:26Z,8416,13
dropwizard/dropwizard,https://github.com/dropwizard/dropwizard,2011-01-19T19:52:29Z,8362,137
languagetool-org/languagetool,https://github.com/languagetool-org/languagetool,2013-08-08T16:37:22Z,8327,0
shwenzhang/AndResGuard,https://github.com/shwenzhang/AndResGuard,2015-10-11T11:48:06Z,8201,4
florent37/MaterialViewPager,https://github.com/florent37/MaterialViewPager,2015-04-24T17:53:15Z,8189,11
signalapp/Signal-Server,https://github.com/signalapp/Signal-Server,2013-12-09T07:10:36Z,8116,0
react-native-image-picker/react-native-image-picker,https://github.com/react-native-image-picker/react-native-image-picker,2015-06-08T20:25:31Z,7937,115
guolindev/LitePal,https://github.com/guolindev/LitePal,2013-02-20T03:20:07Z,7934,0
Netflix/SimianArmy,https://github.com/Netflix/SimianArmy,2012-07-06T22:00:05Z,7927,4
HannahMitt/HomeMirror,https://github.com/HannahMitt/HomeMirror,2015-08-23T03:20:08Z,7889,0
ChrisRM/material-theme-jetbrains,https://github.com/ChrisRM/material-theme-jetbrains,2015-09-23T07:15:04Z,7886,17
JakeWharton/hugo,https://github.com/JakeWharton/hugo,2013-11-25T09:16:40Z,7877,0
apache/cassandra,https://github.com/apache/cassandra,2009-05-21T02:10:09Z,7855,0
apache/shardingsphere-elasticjob,https://github.com/apache/shardingsphere-elasticjob,2015-09-11T11:28:52Z,7826,28
json-path/JsonPath,https://github.com/json-path/JsonPath,2011-01-24T13:19:19Z,7725,8
trello/RxLifecycle,https://github.com/trello/RxLifecycle,2015-07-20T13:32:23Z,7713,22
dropwizard/metrics,https://github.com/dropwizard/metrics,2010-02-26T19:44:42Z,7699,104
java-native-access/jna,https://github.com/java-native-access/jna,2011-04-29T13:30:29Z,7689,0
seven332/EhViewer,https://github.com/seven332/EhViewer,2014-05-14T12:03:52Z,7674,97
plantuml/plantuml,https://github.com/plantuml/plantuml,2010-11-04T15:55:50Z,7667,26
SonarSource/sonarqube,https://github.com/SonarSource/sonarqube,2011-01-05T11:05:17Z,7576,36
alibaba/otter,https://github.com/alibaba/otter,2013-08-09T09:31:22Z,7566,10
kaushikgopal/RxJava-Android-Samples,https://github.com/kaushikgopal/RxJava-Android-Samples,2014-07-23T05:13:52Z,7548,0
spring-projects/spring-security,https://github.com/spring-projects/spring-security,2012-01-10T21:50:57Z,7514,132
davemorrissey/subsampling-scale-image-view,https://github.com/davemorrissey/subsampling-scale-image-view,2013-08-26T16:45:25Z,7502,21
lecho/hellocharts-android,https://github.com/lecho/hellocharts-android,2014-10-12T09:12:37Z,7370,14
datahub-project/datahub,https://github.com/datahub-project/datahub,2015-11-18T05:47:40Z,7363,72
koush/AndroidAsync,https://github.com/koush/AndroidAsync,2012-08-24T07:27:04Z,7350,0
square/dagger,https://github.com/square/dagger,2012-08-02T23:25:32Z,7292,0
google/android-classyshark,https://github.com/google/android-classyshark,2015-10-12T13:40:48Z,7271,17
Bearded-Hen/Android-Bootstrap,https://github.com/Bearded-Hen/Android-Bootstrap,2013-11-01T15:36:17Z,7269,5
pedant/sweet-alert-dialog,https://github.com/pedant/sweet-alert-dialog,2014-10-19T09:24:09Z,7266,2
leolin310148/ShortcutBadger,https://github.com/leolin310148/ShortcutBadger,2013-11-15T12:51:52Z,7255,0
google/agera,https://github.com/google/agera,2015-12-17T13:22:58Z,7244,16
cymcsg/UltimateRecyclerView,https://github.com/cymcsg/UltimateRecyclerView,2015-01-28T02:27:45Z,7229,9
crazycodeboy/TakePhoto,https://github.com/crazycodeboy/TakePhoto,2015-08-04T02:05:32Z,7214,15
kevin-wayne/algs4,https://github.com/kevin-wayne/algs4,2015-08-31T09:28:49Z,7206,0
geeeeeeeeek/WeChatLuckyMoney,https://github.com/geeeeeeeeek/WeChatLuckyMoney,2015-09-30T16:11:20Z,7165,20
swagger-api/swagger-core,https://github.com/swagger-api/swagger-core,2011-07-05T23:44:11Z,7144,85
JakeWharton/ActionBarSherlock,https://github.com/JakeWharton/ActionBarSherlock,2011-03-07T17:28:54Z,7137,32
abel533/Mapper,https://github.com/abel533/Mapper,2014-11-21T11:02:10Z,7051,4
flyway/flyway,https://github.com/flyway/flyway,2012-12-14T18:43:22Z,7047,176
ogaclejapan/SmartTabLayout,https://github.com/ogaclejapan/SmartTabLayout,2015-02-14T11:25:51Z,6997,0
testcontainers/testcontainers-java,https://github.com/testcontainers/testcontainers-java,2015-04-12T12:44:59Z,6884,61
hongyangAndroid/okhttputils,https://github.com/hongyangAndroid/okhttputils,2015-08-17T14:53:29Z,6870,0
TechEmpower/FrameworkBenchmarks,https://github.com/TechEmpower/FrameworkBenchmarks,2013-03-22T17:33:54Z,6842,15
apache/jmeter,https://github.com/apache/jmeter,2010-05-26T23:38:07Z,6830,0
NLPchina/elasticsearch-sql,https://github.com/NLPchina/elasticsearch-sql,2014-08-24T14:26:31Z,6827,196
naman14/Timber,https://github.com/naman14/Timber,2015-06-12T16:43:55Z,6821,5
DroidPluginTeam/DroidPlugin,https://github.com/DroidPluginTeam/DroidPlugin,2015-08-27T11:14:57Z,6790,2
google/closure-compiler,https://github.com/google/closure-compiler,2014-04-16T15:30:36Z,6784,0
gocd/gocd,https://github.com/gocd/gocd,2013-12-13T05:26:16Z,6735,74
hongyangAndroid/AndroidAutoLayout,https://github.com/hongyangAndroid/AndroidAutoLayout,2015-11-19T02:09:11Z,6688,0
zo0r/react-native-push-notification,https://github.com/zo0r/react-native-push-notification,2015-12-14T19:53:36Z,6570,35
apache/tomcat,https://github.com/apache/tomcat,2011-10-01T07:00:19Z,6552,0
NanoHttpd/nanohttpd,https://github.com/NanoHttpd/nanohttpd,2012-08-10T21:52:42Z,6543,3
bytedeco/javacv,https://github.com/bytedeco/javacv,2014-04-21T13:50:26Z,6490,9
react-native-video/react-native-video,https://github.com/react-native-video/react-native-video,2015-03-31T05:08:38Z,6486,10
Graylog2/graylog2-server,https://github.com/Graylog2/graylog2-server,2010-05-17T21:27:02Z,6450,0
apache/storm,https://github.com/apache/storm,2013-11-05T08:00:14Z,6433,0
pentaho/pentaho-kettle,https://github.com/pentaho/pentaho-kettle,2013-10-08T18:27:11Z,6402,1
real-logic/aeron,https://github.com/real-logic/aeron,2014-02-07T17:16:58Z,6392,84
vinc3m1/RoundedImageView,https://github.com/vinc3m1/RoundedImageView,2013-02-22T01:17:37Z,6385,19
zendesk/android-floating-action-button,https://github.com/zendesk/android-floating-action-button,2014-09-19T06:49:21Z,6375,0
google/error-prone,https://github.com/google/error-prone,2014-08-21T23:26:50Z,6361,26
processing/processing,https://github.com/processing/processing,2013-01-24T21:17:22Z,6312,48
koush/ion,https://github.com/koush/ion,2013-05-22T07:41:23Z,6299,0
rest-assured/rest-assured,https://github.com/rest-assured/rest-assured,2010-10-21T08:35:43Z,6281,0
NLPchina/ansj_seg,https://github.com/NLPchina/ansj_seg,2012-09-05T05:56:24Z,6262,3
ArthurHub/Android-Image-Cropper,https://github.com/ArthurHub/Android-Image-Cropper,2015-01-15T10:49:37Z,6232,32
rabbitmq/rabbitmq-tutorials,https://github.com/rabbitmq/rabbitmq-tutorials,2010-09-21T11:41:26Z,6231,0
alibaba/transmittable-thread-local,https://github.com/alibaba/transmittable-thread-local,2013-10-13T08:48:33Z,6171,55
frohoff/ysoserial,https://github.com/frohoff/ysoserial,2015-01-28T07:13:55Z,6156,1
ikew0ng/SwipeBackLayout,https://github.com/ikew0ng/SwipeBackLayout,2013-08-25T03:36:12Z,6135,0
mrniko/netty-socketio,https://github.com/mrniko/netty-socketio,2012-01-12T11:43:49Z,6131,6
Alluxio/alluxio,https://github.com/Alluxio/alluxio,2012-12-21T17:43:46Z,6126,59
rengwuxian/MaterialEditText,https://github.com/rengwuxian/MaterialEditText,2014-10-30T10:07:23Z,6115,19
sshahine/JFoenix,https://github.com/sshahine/JFoenix,2015-09-08T14:04:24Z,6073,0
AsyncHttpClient/async-http-client,https://github.com/AsyncHttpClient/async-http-client,2011-03-07T13:41:46Z,6071,0
daimajia/NumberProgressBar,https://github.com/daimajia/NumberProgressBar,2014-05-01T08:54:25Z,6040,3
MinecraftForge/MinecraftForge,https://github.com/MinecraftForge/MinecraftForge,2012-01-30T01:35:01Z,6029,0
rey5137/material,https://github.com/rey5137/material,2014-12-09T12:07:32Z,6028,10
pedrovgs/EffectiveAndroidUI,https://github.com/pedrovgs/EffectiveAndroidUI,2014-07-04T08:42:20Z,6025,0
google/physical-web,https://github.com/google/physical-web,2014-09-30T18:32:14Z,6023,17
wasabeef/richeditor-android,https://github.com/wasabeef/richeditor-android,2015-03-30T16:19:20Z,5998,0
singwhatiwanna/dynamic-load-apk,https://github.com/singwhatiwanna/dynamic-load-apk,2014-03-30T11:51:00Z,5995,0
mapstruct/mapstruct,https://github.com/mapstruct/mapstruct,2012-05-28T12:42:42Z,5984,26
apache/zeppelin,https://github.com/apache/zeppelin,2015-03-25T07:00:06Z,5964,0
wyouflf/xUtils3,https://github.com/wyouflf/xUtils3,2015-10-28T10:56:04Z,5958,9
antoniolg/androidmvp,https://github.com/antoniolg/androidmvp,2014-04-02T05:42:20Z,5957,0
joelittlejohn/jsonschema2pojo,https://github.com/joelittlejohn/jsonschema2pojo,2013-06-22T22:28:53Z,5939,62
gzu-liyujiang/AndroidPicker,https://github.com/gzu-liyujiang/AndroidPicker,2015-10-21T14:21:16Z,5878,54
lightbend/config,https://github.com/lightbend/config,2011-12-06T08:02:29Z,5861,0
prolificinteractive/material-calendarview,https://github.com/prolificinteractive/material-calendarview,2015-02-09T22:31:56Z,5848,22
JesusFreke/smali,https://github.com/JesusFreke/smali,2012-09-23T19:51:16Z,5813,0
springfox/springfox,https://github.com/springfox/springfox,2012-05-06T06:38:57Z,5789,12
google/grafika,https://github.com/google/grafika,2013-12-19T18:36:53Z,5772,1
graphql-java/graphql-java,https://github.com/graphql-java/graphql-java,2015-07-06T06:52:20Z,5761,49
springside/springside4,https://github.com/springside/springside4,2012-02-23T08:39:03Z,5758,3
lets-blade/blade,https://github.com/lets-blade/blade,2015-06-10T03:35:49Z,5752,9
JakeWharton/DiskLruCache,https://github.com/JakeWharton/DiskLruCache,2012-01-05T00:36:34Z,5740,0
haifengl/smile,https://github.com/haifengl/smile,2014-11-20T16:28:12Z,5694,24
JakeWharton/u2020,https://github.com/JakeWharton/u2020,2013-11-14T11:58:23Z,5688,0
junit-team/junit5,https://github.com/junit-team/junit5,2015-01-11T19:06:10Z,5656,59
dmytrodanylyk/circular-progress-button,https://github.com/dmytrodanylyk/circular-progress-button,2014-06-07T12:58:48Z,5644,2
daimajia/AndroidImageSlider,https://github.com/daimajia/AndroidImageSlider,2014-06-02T06:04:17Z,5644,5
robolectric/robolectric,https://github.com/robolectric/robolectric,2010-08-28T00:28:25Z,5609,89
amlcurran/ShowcaseView,https://github.com/amlcurran/ShowcaseView,2012-08-14T19:07:36Z,5608,13
nhaarman/ListViewAnimations,https://github.com/nhaarman/ListViewAnimations,2013-03-19T11:59:23Z,5603,14
changmingxie/tcc-transaction,https://github.com/changmingxie/tcc-transaction,2015-12-05T04:27:53Z,5589,6
hongyangAndroid/FlowLayout,https://github.com/hongyangAndroid/FlowLayout,2015-08-28T09:32:31Z,5565,0
knightliao/disconf,https://github.com/knightliao/disconf,2014-05-30T09:39:27Z,5547,12
emilsjolander/StickyListHeaders,https://github.com/emilsjolander/StickyListHeaders,2012-03-11T18:29:18Z,5527,16
sockeqwe/mosby,https://github.com/sockeqwe/mosby,2015-03-25T00:59:19Z,5494,15
hanks-zyh/HTextView,https://github.com/hanks-zyh/HTextView,2015-12-19T16:34:59Z,5478,0
raphw/byte-buddy,https://github.com/raphw/byte-buddy,2013-11-25T19:38:03Z,5455,263
facebookarchive/rebound,https://github.com/facebookarchive/rebound,2013-10-11T01:12:37Z,5455,10
dm77/barcodescanner,https://github.com/dm77/barcodescanner,2014-02-24T21:14:09Z,5454,6
microg/GmsCore,https://github.com/microg/GmsCore,2014-04-23T19:28:47Z,5426,29
wiremock/wiremock,https://github.com/wiremock/wiremock,2011-10-09T20:27:24Z,5414,9
evernote/android-job,https://github.com/evernote/android-job,2015-08-20T19:36:54Z,5387,31
jgilfelt/SystemBarTint,https://github.com/jgilfelt/SystemBarTint,2013-11-17T12:35:05Z,5383,3
journeyapps/zxing-android-embedded,https://github.com/journeyapps/zxing-android-embedded,2012-11-28T16:36:39Z,5364,9
btraceio/btrace,https://github.com/btraceio/btrace,2014-08-28T18:58:24Z,5361,30
wasabeef/Blurry,https://github.com/wasabeef/Blurry,2015-07-23T14:12:08Z,5359,0
jOOQ/jOOQ,https://github.com/jOOQ/jOOQ,2011-04-17T10:43:33Z,5344,0
scribejava/scribejava,https://github.com/scribejava/scribejava,2010-09-05T19:11:40Z,5335,9
hibernate/hibernate-orm,https://github.com/hibernate/hibernate-orm,2010-10-04T16:15:52Z,5320,16
XRecyclerView/XRecyclerView,https://github.com/XRecyclerView/XRecyclerView,2015-11-18T08:14:22Z,5318,0
evant/gradle-retrolambda,https://github.com/evant/gradle-retrolambda,2013-08-05T02:09:58Z,5317,37
commonsguy/cw-omnibus,https://github.com/commonsguy/cw-omnibus,2012-03-12T14:12:06Z,5309,36
hazelcast/hazelcast,https://github.com/hazelcast/hazelcast,2012-03-21T12:25:18Z,5275,182
yixia/VitamioBundle,https://github.com/yixia/VitamioBundle,2012-10-19T08:40:49Z,5273,0
lucasr/twoway-view,https://github.com/lucasr/twoway-view,2013-01-18T20:55:23Z,5250,0
h6ah4i/android-advancedrecyclerview,https://github.com/h6ah4i/android-advancedrecyclerview,2015-01-24T16:14:39Z,5246,1
motianhuo/wechat,https://github.com/motianhuo/wechat,2015-05-25T02:33:37Z,5245,0
Clans/FloatingActionButton,https://github.com/Clans/FloatingActionButton,2015-03-21T12:36:16Z,5233,14
gephi/gephi,https://github.com/gephi/gephi,2011-10-22T03:14:46Z,5228,19
xxv/android-lifecycle,https://github.com/xxv/android-lifecycle,2014-04-18T14:26:22Z,5217,0
Yalantis/Side-Menu.Android,https://github.com/Yalantis/Side-Menu.Android,2015-01-13T11:11:27Z,5212,2
thinkaurelius/titan,https://github.com/thinkaurelius/titan,2012-02-25T22:53:53Z,5212,0
TommyLemon/Android-ZBLibrary,https://github.com/TommyLemon/Android-ZBLibrary,2015-08-20T16:03:53Z,5209,25
square/otto,https://github.com/square/otto,2012-06-27T19:06:49Z,5191,0
Karumi/Dexter,https://github.com/Karumi/Dexter,2015-11-17T13:14:43Z,5187,33
danikula/AndroidVideoCache,https://github.com/danikula/AndroidVideoCache,2015-04-01T11:25:52Z,5158,20
vavr-io/vavr,https://github.com/vavr-io/vavr,2014-01-30T14:07:25Z,5146,16
auth0/java-jwt,https://github.com/auth0/java-jwt,2014-03-07T15:06:11Z,5143,43
facebook/shimmer-android,https://github.com/facebook/shimmer-android,2015-02-27T22:25:22Z,5140,5
socketio/socket.io-client-java,https://github.com/socketio/socket.io-client-java,2013-04-28T17:04:05Z,5084,5
careercup/ctci,https://github.com/careercup/ctci,2013-03-21T23:01:01Z,5077,0
mybatis/generator,https://github.com/mybatis/generator,2013-02-10T11:14:50Z,5050,11
wequick/Small,https://github.com/wequick/Small,2015-11-27T11:37:20Z,5021,25
Trinea/android-common,https://github.com/Trinea/android-common,2012-06-19T07:49:46Z,5012,1
frogermcs/InstaMaterial,https://github.com/frogermcs/InstaMaterial,2014-11-10T18:56:49Z,5010,1
huanghongxun/HMCL,https://github.com/huanghongxun/HMCL,2015-06-22T08:06:03Z,4988,188
spring-attic/spring-mvc-showcase,https://github.com/spring-attic/spring-mvc-showcase,2011-06-03T15:36:55Z,4987,0
orhanobut/dialogplus,https://github.com/orhanobut/dialogplus,2014-12-12T09:24:44Z,4986,9
google/google-authenticator,https://github.com/google/google-authenticator,2014-10-08T17:54:27Z,4978,0
traex/RippleEffect,https://github.com/traex/RippleEffect,2014-10-14T13:32:51Z,4949,0
lettuce-io/lettuce-core,https://github.com/lettuce-io/lettuce-core,2014-05-10T13:08:46Z,4924,105
jeremylong/DependencyCheck,https://github.com/jeremylong/DependencyCheck,2012-09-03T20:43:30Z,4899,49
google/google-java-format,https://github.com/google/google-java-format,2015-05-11T20:38:28Z,4885,18
JodaOrg/joda-time,https://github.com/JodaOrg/joda-time,2011-05-16T16:49:57Z,4874,42
andkulikov/Transitions-Everywhere,https://github.com/andkulikov/Transitions-Everywhere,2014-10-15T03:37:03Z,4858,23
mcxiaoke/packer-ng-plugin,https://github.com/mcxiaoke/packer-ng-plugin,2015-11-24T04:08:08Z,4822,1
claritylab/lucida,https://github.com/claritylab/lucida,2014-05-13T17:12:49Z,4819,0
OpenTSDB/opentsdb,https://github.com/OpenTSDB/opentsdb,2010-08-27T02:05:20Z,4800,26
apache/hbase,https://github.com/apache/hbase,2014-05-23T07:00:07Z,4792,31
youtube/api-samples,https://github.com/youtube/api-samples,2013-12-09T18:41:41Z,4784,0
etsy/AndroidStaggeredGrid,https://github.com/etsy/AndroidStaggeredGrid,2013-12-09T19:43:45Z,4775,7
apache/camel,https://github.com/apache/camel,2009-05-21T00:25:36Z,4760,0
saiwu-bigkoo/Android-ConvenientBanner,https://github.com/saiwu-bigkoo/Android-ConvenientBanner,2014-12-23T06:12:33Z,4750,0
AntennaPod/AntennaPod,https://github.com/AntennaPod/AntennaPod,2012-07-31T10:25:08Z,4740,48
spring-projects/spring-data-examples,https://github.com/spring-projects/spring-data-examples,2014-01-30T15:42:43Z,4731,0
pardom-zz/ActiveAndroid,https://github.com/pardom-zz/ActiveAndroid,2012-11-15T18:10:45Z,4708,0
spring-cloud/spring-cloud-netflix,https://github.com/spring-cloud/spring-cloud-netflix,2014-07-11T15:46:12Z,4699,3
apache/hive,https://github.com/apache/hive,2009-05-21T02:31:01Z,4698,0
hongyangAndroid/baseAdapter,https://github.com/hongyangAndroid/baseAdapter,2015-08-03T02:55:51Z,4696,0
gabrielemariotti/cardslib,https://github.com/gabrielemariotti/cardslib,2013-09-20T21:57:19Z,4695,27
deathmarine/Luyten,https://github.com/deathmarine/Luyten,2013-07-11T10:57:28Z,4676,17
jankotek/mapdb,https://github.com/jankotek/mapdb,2012-08-17T15:28:54Z,4662,0
wdullaer/MaterialDateTimePicker,https://github.com/wdullaer/MaterialDateTimePicker,2015-01-03T19:41:03Z,4661,54
spring-attic/spring-security-oauth,https://github.com/spring-attic/spring-security-oauth,2011-07-26T18:08:49Z,4631,0
kyleduo/SwitchButton,https://github.com/kyleduo/SwitchButton,2014-09-09T07:20:43Z,4623,0
square/sqlbrite,https://github.com/square/sqlbrite,2015-02-19T04:38:37Z,4599,9
javaparser/javaparser,https://github.com/javaparser/javaparser,2011-10-30T14:03:44Z,4591,40
reactive-streams/reactive-streams-jvm,https://github.com/reactive-streams/reactive-streams-jvm,2014-02-28T13:16:15Z,4587,0
go-lang-plugin-org/go-lang-idea-plugin,https://github.com/go-lang-plugin-org/go-lang-idea-plugin,2010-08-29T08:20:01Z,4582,21
cglib/cglib,https://github.com/cglib/cglib,2014-03-29T13:48:30Z,4579,15
chentao0707/SimplifyReader,https://github.com/chentao0707/SimplifyReader,2015-08-17T08:22:53Z,4574,0
orientechnologies/orientdb,https://github.com/orientechnologies/orientdb,2012-12-09T20:33:47Z,4570,198
pili-engineering/PLDroidPlayer,https://github.com/pili-engineering/PLDroidPlayer,2015-06-02T04:41:29Z,4565,42
coobird/thumbnailator,https://github.com/coobird/thumbnailator,2015-07-25T05:38:33Z,4558,0
Flipboard/bottomsheet,https://github.com/Flipboard/bottomsheet,2015-04-23T17:37:32Z,4545,10
jdamcd/android-crop,https://github.com/jdamcd/android-crop,2014-03-13T10:24:43Z,4538,6
bitcoinj/bitcoinj,https://github.com/bitcoinj/bitcoinj,2013-11-19T04:33:23Z,4526,1
JakeWharton/NineOldAndroids,https://github.com/JakeWharton/NineOldAndroids,2011-12-08T19:46:37Z,4512,0
meefik/linuxdeploy,https://github.com/meefik/linuxdeploy,2012-08-21T04:49:14Z,4507,37
puniverse/quasar,https://github.com/puniverse/quasar,2013-03-27T14:51:24Z,4490,18
zhanglei-workspace/shopping-management-system,https://github.com/zhanglei-workspace/shopping-management-system,2015-11-16T12:53:21Z,4490,0
firebase/FirebaseUI-Android,https://github.com/firebase/FirebaseUI-Android,2015-07-09T17:31:09Z,4486,65
alibaba/dexposed,https://github.com/alibaba/dexposed,2015-06-30T02:59:16Z,4455,0
apache/pinot,https://github.com/apache/pinot,2014-05-19T23:27:48Z,4453,16
square/android-times-square,https://github.com/square/android-times-square,2013-01-30T20:28:27Z,4441,0
castorflex/SmoothProgressBar,https://github.com/castorflex/SmoothProgressBar,2013-11-27T20:32:16Z,4438,9
brianfrankcooper/YCSB,https://github.com/brianfrankcooper/YCSB,2010-04-19T20:52:11Z,4435,55
ronmamo/reflections,https://github.com/ronmamo/reflections,2013-04-16T16:19:26Z,4415,3
Netflix/ribbon,https://github.com/Netflix/ribbon,2013-01-15T01:08:04Z,4398,41
apache/ignite,https://github.com/apache/ignite,2015-02-19T08:00:05Z,4391,0
TeamAmaze/AmazeFileManager,https://github.com/TeamAmaze/AmazeFileManager,2014-07-14T19:47:53Z,4370,65
yasserg/crawler4j,https://github.com/yasserg/crawler4j,2011-12-31T22:49:18Z,4367,3
CellularPrivacy/Android-IMSI-Catcher-Detector,https://github.com/CellularPrivacy/Android-IMSI-Catcher-Detector,2013-11-23T10:04:14Z,4360,48
citerus/dddsample-core,https://github.com/citerus/dddsample-core,2015-01-31T23:21:37Z,4355,0
j-easy/easy-rules,https://github.com/j-easy/easy-rules,2013-03-10T14:38:26Z,4319,10
mcxiaoke/android-volley,https://github.com/mcxiaoke/android-volley,2013-05-21T05:35:26Z,4314,0
bingoogolapple/BGARefreshLayout-Android,https://github.com/bingoogolapple/BGARefreshLayout-Android,2015-05-28T16:17:00Z,4296,4
aporter/coursera-android,https://github.com/aporter/coursera-android,2014-01-05T09:55:31Z,4281,0
cjlin1/libsvm,https://github.com/cjlin1/libsvm,2013-09-10T14:32:07Z,4280,0
airbnb/DeepLinkDispatch,https://github.com/airbnb/DeepLinkDispatch,2015-06-11T21:16:48Z,4270,22
tuguangquan/mybatis,https://github.com/tuguangquan/mybatis,2014-11-03T04:51:06Z,4261,0
bisq-network/bisq,https://github.com/bisq-network/bisq,2014-03-12T09:42:29Z,4257,130
azkaban/azkaban,https://github.com/azkaban/azkaban,2012-10-18T01:34:53Z,4225,48
grantland/android-autofittextview,https://github.com/grantland/android-autofittextview,2011-02-14T06:00:52Z,4221,1
stleary/JSON-java,https://github.com/stleary/JSON-java,2010-12-21T17:46:09Z,4218,17
JSQLParser/JSqlParser,https://github.com/JSQLParser/JSqlParser,2011-06-23T22:51:52Z,4214,30
rstudio/rstudio,https://github.com/rstudio/rstudio,2010-12-07T19:10:25Z,4208,0
react-native-webrtc/react-native-webrtc,https://github.com/react-native-webrtc/react-native-webrtc,2015-09-27T10:57:30Z,4200,60
phishman3579/java-algorithms-implementation,https://github.com/phishman3579/java-algorithms-implementation,2013-11-20T03:30:19Z,4195,0
pmd/pmd,https://github.com/pmd/pmd,2012-07-11T18:03:00Z,4192,85
chewiebug/GCViewer,https://github.com/chewiebug/GCViewer,2011-10-23T09:01:04Z,4172,5
querydsl/querydsl,https://github.com/querydsl/querydsl,2011-08-05T06:46:32Z,4172,34
Jacksgong/JKeyboardPanelSwitch,https://github.com/Jacksgong/JKeyboardPanelSwitch,2015-07-01T17:42:01Z,4170,14
line/armeria,https://github.com/line/armeria,2015-11-16T04:04:01Z,4160,213
bingoogolapple/BGABanner-Android,https://github.com/bingoogolapple/BGABanner-Android,2014-10-25T17:15:18Z,4140,0
dreamhead/moco,https://github.com/dreamhead/moco,2012-10-18T09:09:51Z,4137,0
ongakuer/CircleIndicator,https://github.com/ongakuer/CircleIndicator,2014-07-30T14:02:56Z,4130,7
LWJGL/lwjgl3,https://github.com/LWJGL/lwjgl3,2012-12-23T15:40:04Z,4128,16
CalebFenton/simplify,https://github.com/CalebFenton/simplify,2014-01-16T05:14:02Z,4124,9
pedrovgs/AndroidWiFiADB,https://github.com/pedrovgs/AndroidWiFiADB,2015-10-18T21:58:45Z,4123,8
mock-server/mockserver,https://github.com/mock-server/mockserver,2013-02-26T06:09:52Z,4063,0
bytedeco/javacpp,https://github.com/bytedeco/javacpp,2014-04-21T12:47:21Z,4062,9
Fuzion24/JustTrustMe,https://github.com/Fuzion24/JustTrustMe,2014-07-24T23:45:05Z,4057,1
apache/shiro,https://github.com/apache/shiro,2009-08-29T08:00:17Z,4053,0
graphhopper/graphhopper,https://github.com/graphhopper/graphhopper,2012-02-18T19:57:38Z,4051,39
Yalantis/Phoenix,https://github.com/Yalantis/Phoenix,2015-01-12T14:11:20Z,4041,1
Freeyourgadget/Gadgetbridge,https://github.com/Freeyourgadget/Gadgetbridge,2015-01-05T23:19:03Z,4031,0
Manabu-GT/ExpandableTextView,https://github.com/Manabu-GT/ExpandableTextView,2014-05-17T19:40:15Z,4021,4
makovkastar/FloatingActionButton,https://github.com/makovkastar/FloatingActionButton,2014-07-22T13:29:55Z,4019,0
DiUS/java-faker,https://github.com/DiUS/java-faker,2011-06-06T01:01:21Z,4019,0
BoltsFramework/Bolts-Android,https://github.com/BoltsFramework/Bolts-Android,2014-01-30T04:58:14Z,4014,11
eirslett/frontend-maven-plugin,https://github.com/eirslett/frontend-maven-plugin,2013-08-30T14:44:38Z,3982,0
powermock/powermock,https://github.com/powermock/powermock,2014-05-28T07:53:53Z,3982,16
traccar/traccar,https://github.com/traccar/traccar,2012-04-16T08:33:49Z,3975,42
oblac/jodd,https://github.com/oblac/jodd,2012-09-07T20:26:48Z,3962,37
xcltapestry/XCL-Charts,https://github.com/xcltapestry/XCL-Charts,2014-06-09T15:44:50Z,3949,0
killbill/killbill,https://github.com/killbill/killbill,2012-10-21T20:55:05Z,3948,136
alibaba/jstorm,https://github.com/alibaba/jstorm,2013-09-03T03:53:16Z,3939,22
mik3y/usb-serial-for-android,https://github.com/mik3y/usb-serial-for-android,2013-06-30T23:17:45Z,3933,24
oldmanpushcart/greys-anatomy,https://github.com/oldmanpushcart/greys-anatomy,2012-11-21T19:39:35Z,3924,0
orhanobut/hawk,https://github.com/orhanobut/hawk,2015-02-19T22:25:23Z,3919,22
JoanZapata/android-iconify,https://github.com/JoanZapata/android-iconify,2013-06-12T11:42:01Z,3910,0
failsafe-lib/failsafe,https://github.com/failsafe-lib/failsafe,2015-06-30T00:56:39Z,3897,0
databricks/learning-spark,https://github.com/databricks/learning-spark,2014-06-16T04:47:54Z,3837,0
code4craft/tiny-spring,https://github.com/code4craft/tiny-spring,2014-01-10T16:37:57Z,3836,0
jitsi/jitsi,https://github.com/jitsi/jitsi,2013-04-24T17:37:20Z,3825,7
MiguelCatalan/MaterialSearchView,https://github.com/MiguelCatalan/MaterialSearchView,2015-09-14T17:13:46Z,3819,6
oracle/opengrok,https://github.com/oracle/opengrok,2013-01-07T11:49:18Z,3818,213
zzhoujay/RichText,https://github.com/zzhoujay/RichText,2015-07-21T09:36:01Z,3803,0
roboguice/roboguice,https://github.com/roboguice/roboguice,2012-08-12T20:37:19Z,3794,0
google/open-location-code,https://github.com/google/open-location-code,2014-09-30T18:26:35Z,3786,5
jboss-javassist/javassist,https://github.com/jboss-javassist/javassist,2013-05-24T08:31:32Z,3775,21
lzyzsd/CircleProgress,https://github.com/lzyzsd/CircleProgress,2014-10-30T16:14:42Z,3750,0
timehop/sticky-headers-recyclerview,https://github.com/timehop/sticky-headers-recyclerview,2014-10-03T01:57:46Z,3749,0
liquibase/liquibase,https://github.com/liquibase/liquibase,2011-07-08T20:08:20Z,3738,83
yanzhenjie/NoHttp,https://github.com/yanzhenjie/NoHttp,2015-07-29T06:11:12Z,3711,0
apache/calcite,https://github.com/apache/calcite,2014-06-25T07:00:07Z,3710,0
rovo89/XposedInstaller,https://github.com/rovo89/XposedInstaller,2012-04-02T20:33:05Z,3685,0
yangfuhai/ASimpleCache,https://github.com/yangfuhai/ASimpleCache,2013-07-28T13:50:59Z,3668,0
apache/nifi,https://github.com/apache/nifi,2014-12-12T08:00:05Z,3662,0
linyiqun/DataMiningAlgorithm,https://github.com/linyiqun/DataMiningAlgorithm,2015-01-11T02:50:28Z,3661,0
apache/incubator-heron,https://github.com/apache/incubator-heron,2015-09-25T16:09:24Z,3649,56
h2database/h2database,https://github.com/h2database/h2database,2015-04-10T19:09:09Z,3640,18
knowm/XChange,https://github.com/knowm/XChange,2012-02-02T10:48:28Z,3632,0
crate/crate,https://github.com/crate/crate,2013-04-10T09:17:16Z,3628,59
litesuits/android-common,https://github.com/litesuits/android-common,2014-05-29T08:08:00Z,3626,0
Ereza/CustomActivityOnCrash,https://github.com/Ereza/CustomActivityOnCrash,2014-07-04T19:46:21Z,3622,12
oshi/oshi,https://github.com/oshi/oshi,2012-02-10T12:46:48Z,3621,138
jindrapetrik/jpexs-decompiler,https://github.com/jindrapetrik/jpexs-decompiler,2014-05-10T17:20:56Z,3607,146
rockerhieu/emojicon,https://github.com/rockerhieu/emojicon,2014-01-18T12:32:38Z,3607,2
Atmosphere/atmosphere,https://github.com/Atmosphere/atmosphere,2010-06-30T14:26:23Z,3607,0
tyrantgit/ExplosionField,https://github.com/tyrantgit/ExplosionField,2015-09-23T11:34:50Z,3589,0
osmandapp/OsmAnd,https://github.com/osmandapp/OsmAnd,2011-01-15T19:59:44Z,3583,1
kikoso/android-stackblur,https://github.com/kikoso/android-stackblur,2013-08-15T14:44:32Z,3582,0
dongjunkun/DropDownMenu,https://github.com/dongjunkun/DropDownMenu,2015-06-23T07:43:56Z,3581,2
zendesk/maxwell,https://github.com/zendesk/maxwell,2015-02-09T22:06:13Z,3578,198
johncarl81/parceler,https://github.com/johncarl81/parceler,2013-07-03T02:53:01Z,3573,0
promeG/TinyPinyin,https://github.com/promeG/TinyPinyin,2015-09-30T03:24:50Z,3566,2
DV8FromTheWorld/JDA,https://github.com/DV8FromTheWorld/JDA,2015-12-12T13:57:32Z,3557,69
jacoco/jacoco,https://github.com/jacoco/jacoco,2012-07-08T21:45:13Z,3550,44
lsjwzh/RecyclerViewPager,https://github.com/lsjwzh/RecyclerViewPager,2015-01-17T18:30:34Z,3544,10
luontola/retrolambda,https://github.com/luontola/retrolambda,2013-07-20T07:25:22Z,3542,0
arimorty/floatingsearchview,https://github.com/arimorty/floatingsearchview,2015-11-22T02:38:32Z,3534,0
JakeWharton/ThreeTenABP,https://github.com/JakeWharton/ThreeTenABP,2015-07-03T17:35:09Z,3524,0
killme2008/aviatorscript,https://github.com/killme2008/aviatorscript,2011-03-29T12:48:47Z,3524,49
apache/maven,https://github.com/apache/maven,2009-05-21T03:22:03Z,3523,5
davideas/FlexibleAdapter,https://github.com/davideas/FlexibleAdapter,2015-05-02T22:00:43Z,3517,30
baoyongzhang/SwipeMenuListView,https://github.com/baoyongzhang/SwipeMenuListView,2014-08-24T15:40:45Z,3514,2
eclipse/jetty.project,https://github.com/eclipse/jetty.project,2011-07-14T01:11:57Z,3514,61
dropbox/hackpad,https://github.com/dropbox/hackpad,2015-08-14T02:32:17Z,3503,0
MovingBlocks/Terasology,https://github.com/MovingBlocks/Terasology,2011-03-04T03:49:19Z,3477,69
linkedin/databus,https://github.com/linkedin/databus,2012-12-17T17:49:17Z,3474,0
code4craft/netty-learning,https://github.com/code4craft/netty-learning,2013-09-19T02:24:25Z,3470,0
openhab/openhab1-addons,https://github.com/openhab/openhab1-addons,2013-09-20T20:28:43Z,3451,14
ikarus23/MifareClassicTool,https://github.com/ikarus23/MifareClassicTool,2013-02-12T15:39:03Z,3449,2
apache/kylin,https://github.com/apache/kylin,2015-01-03T08:00:05Z,3439,0
googlemaps/android-maps-utils,https://github.com/googlemaps/android-maps-utils,2013-05-17T00:08:48Z,3432,32
yigit/android-priority-jobqueue,https://github.com/yigit/android-priority-jobqueue,2014-06-20T00:12:45Z,3410,0
avast/android-butterknife-zelezny,https://github.com/avast/android-butterknife-zelezny,2013-12-23T14:24:08Z,3407,8
alamkanak/Android-Week-View,https://github.com/alamkanak/Android-Week-View,2014-09-17T10:07:12Z,3388,4
vert-x3/vertx-examples,https://github.com/vert-x3/vertx-examples,2015-02-24T17:42:44Z,3385,0
abel533/MyBatis-Spring-Boot,https://github.com/abel533/MyBatis-Spring-Boot,2015-12-19T09:57:22Z,3357,0
hmkcode/Android,https://github.com/hmkcode/Android,2013-09-02T16:12:28Z,3357,0
awaitility/awaitility,https://github.com/awaitility/awaitility,2010-01-22T15:12:52Z,3346,0
ivacf/archi,https://github.com/ivacf/archi,2015-09-11T16:13:34Z,3346,0
VaughnVernon/IDDD_Samples,https://github.com/VaughnVernon/IDDD_Samples,2013-04-08T22:12:57Z,3344,0
jMonkeyEngine/jmonkeyengine,https://github.com/jMonkeyEngine/jmonkeyengine,2014-03-20T22:29:28Z,3343,54
spockframework/spock,https://github.com/spockframework/spock,2010-12-12T19:02:34Z,3338,21
diffplug/spotless,https://github.com/diffplug/spotless,2015-04-27T19:10:58Z,3322,0
shekhargulati/99-problems,https://github.com/shekhargulati/99-problems,2015-11-22T05:56:33Z,3316,0
fyhertz/libstreaming,https://github.com/fyhertz/libstreaming,2013-01-30T21:24:47Z,3312,0
actorapp/actor-platform,https://github.com/actorapp/actor-platform,2015-06-21T00:29:57Z,3309,97
undertow-io/undertow,https://github.com/undertow-io/undertow,2012-07-19T00:52:44Z,3308,0
kevinsawicki/http-request,https://github.com/kevinsawicki/http-request,2011-10-21T19:54:58Z,3295,0
react-native-share/react-native-share,https://github.com/react-native-share/react-native-share,2015-09-30T02:27:34Z,3291,97
anggrayudi/android-hidden-api,https://github.com/anggrayudi/android-hidden-api,2015-09-16T11:58:33Z,3275,1
dingjikerbo/Android-BluetoothKit,https://github.com/dingjikerbo/Android-BluetoothKit,2015-10-08T09:07:33Z,3247,0
immutables/immutables,https://github.com/immutables/immutables,2013-07-07T13:48:23Z,3242,9
ragunathjawahar/android-saripaar,https://github.com/ragunathjawahar/android-saripaar,2012-09-08T11:52:30Z,3233,3
FasterXML/jackson-databind,https://github.com/FasterXML/jackson-databind,2011-12-23T07:17:41Z,3231,0
tangqi92/Android-Tips,https://github.com/tangqi92/Android-Tips,2015-09-10T09:01:47Z,3230,0
watabou/pixel-dungeon,https://github.com/watabou/pixel-dungeon,2014-07-26T17:34:32Z,3229,0
bluelinelabs/LoganSquare,https://github.com/bluelinelabs/LoganSquare,2015-02-17T03:24:12Z,3227,0
WritingMinds/ffmpeg-android-java,https://github.com/WritingMinds/ffmpeg-android-java,2014-09-11T10:12:09Z,3226,8
eishay/jvm-serializers,https://github.com/eishay/jvm-serializers,2010-04-25T03:12:00Z,3219,0
bauerca/drag-sort-listview,https://github.com/bauerca/drag-sort-listview,2012-06-01T06:32:13Z,3206,0
daimajia/AndroidViewHover,https://github.com/daimajia/AndroidViewHover,2014-08-08T12:04:43Z,3202,4
pengjianbo/GalleryFinal,https://github.com/pengjianbo/GalleryFinal,2015-09-21T07:01:17Z,3198,4
jfinal/jfinal,https://github.com/jfinal/jfinal,2012-04-25T08:48:48Z,3191,0
aragozin/jvm-tools,https://github.com/aragozin/jvm-tools,2012-04-28T09:28:32Z,3187,0
alibaba/cobar,https://github.com/alibaba/cobar,2014-01-15T11:20:09Z,3184,1
JCTools/JCTools,https://github.com/JCTools/JCTools,2013-11-10T18:04:40Z,3181,16
angryip/ipscan,https://github.com/angryip/ipscan,2011-06-28T20:58:48Z,3181,30
Red5/red5-server,https://github.com/Red5/red5-server,2013-11-19T05:04:10Z,3179,73
chrisbanes/ActionBar-PullToRefresh,https://github.com/chrisbanes/ActionBar-PullToRefresh,2013-06-04T14:44:53Z,3176,0
camunda/camunda-bpm-platform,https://github.com/camunda/camunda-bpm-platform,2013-01-03T10:10:31Z,3175,0
amulyakhare/TextDrawable,https://github.com/amulyakhare/TextDrawable,2014-10-19T09:56:45Z,3174,0
facebookarchive/network-connection-class,https://github.com/facebookarchive/network-connection-class,2015-03-18T02:16:43Z,3170,2
yangfuhai/afinal,https://github.com/yangfuhai/afinal,2012-10-17T08:10:00Z,3168,0
zzz40500/GsonFormat,https://github.com/zzz40500/GsonFormat,2014-10-31T14:16:39Z,3165,4
guoguibing/librec,https://github.com/guoguibing/librec,2014-01-09T16:06:11Z,3158,3
Skykai521/StickerCamera,https://github.com/Skykai521/StickerCamera,2015-07-05T14:12:43Z,3158,0
nicolasgramlich/AndEngine,https://github.com/nicolasgramlich/AndEngine,2011-11-22T14:20:11Z,3154,0
bitcoin-wallet/bitcoin-wallet,https://github.com/bitcoin-wallet/bitcoin-wallet,2012-03-31T17:06:47Z,3153,18
Sayi/poi-tl,https://github.com/Sayi/poi-tl,2015-03-20T06:47:52Z,3141,13
danylovolokh/VideoPlayerManager,https://github.com/danylovolokh/VideoPlayerManager,2015-07-09T21:32:15Z,3135,0
hitherejoe/animate,https://github.com/hitherejoe/animate,2015-11-16T15:06:22Z,3129,0
hongyangAndroid/Highlight,https://github.com/hongyangAndroid/Highlight,2015-10-08T15:03:40Z,3126,0
java8/Java8InAction,https://github.com/java8/Java8InAction,2013-10-28T23:59:40Z,3120,0
requery/requery,https://github.com/requery/requery,2015-11-14T00:45:31Z,3115,43
Mojang/brigadier,https://github.com/Mojang/brigadier,2014-09-15T08:48:24Z,3091,3
mplushnikov/lombok-intellij-plugin,https://github.com/mplushnikov/lombok-intellij-plugin,2013-10-09T21:49:01Z,3072,116
spring-io/initializr,https://github.com/spring-io/initializr,2013-06-07T16:02:22Z,3070,13
geoserver/geoserver,https://github.com/geoserver/geoserver,2011-11-10T19:56:06Z,3069,26
gabrielemariotti/RecyclerViewItemAnimators,https://github.com/gabrielemariotti/RecyclerViewItemAnimators,2014-08-22T00:24:43Z,3059,0
Marswin/MarsDaemon,https://github.com/Marswin/MarsDaemon,2015-12-25T03:21:41Z,3059,0
keyboardsurfer/Crouton,https://github.com/keyboardsurfer/Crouton,2012-08-03T11:04:36Z,3028,8
jgilfelt/android-viewbadger,https://github.com/jgilfelt/android-viewbadger,2011-09-27T22:50:57Z,3022,0
apache/logging-log4j2,https://github.com/apache/logging-log4j2,2013-06-12T07:00:19Z,3022,0
dmytrodanylyk/android-process-button,https://github.com/dmytrodanylyk/android-process-button,2014-05-02T20:39:23Z,3012,1
ZieIony/Carbon,https://github.com/ZieIony/Carbon,2015-02-04T23:11:18Z,3009,2
shopizer-ecommerce/shopizer,https://github.com/shopizer-ecommerce/shopizer,2012-11-21T03:42:39Z,3008,18
KeepSafe/dexcount-gradle-plugin,https://github.com/KeepSafe/dexcount-gradle-plugin,2015-06-04T03:33:17Z,3006,21
jd-alexander/LikeButton,https://github.com/jd-alexander/LikeButton,2015-12-23T17:49:46Z,3001,14
pedrovgs/DraggablePanel,https://github.com/pedrovgs/DraggablePanel,2014-04-13T11:40:54Z,3001,10
facebookarchive/react-native-fbsdk,https://github.com/facebookarchive/react-native-fbsdk,2015-08-03T17:10:14Z,2996,22
yui/yuicompressor,https://github.com/yui/yuicompressor,2008-12-05T19:13:24Z,2993,1
RoaringBitmap/RoaringBitmap,https://github.com/RoaringBitmap/RoaringBitmap,2013-06-17T20:29:23Z,2993,9
cSploit/android,https://github.com/cSploit/android,2014-10-04T05:53:29Z,2992,33
yusugomori/DeepLearning,https://github.com/yusugomori/DeepLearning,2013-01-01T16:23:53Z,2983,0
lovetuzitong/MultiImageSelector,https://github.com/lovetuzitong/MultiImageSelector,2015-04-08T10:12:50Z,2981,2
ltsopensource/light-task-scheduler,https://github.com/ltsopensource/light-task-scheduler,2014-10-24T12:53:14Z,2973,29
AxonFramework/AxonFramework,https://github.com/AxonFramework/AxonFramework,2011-12-02T16:04:42Z,2971,109
stephanenicolas/robospice,https://github.com/stephanenicolas/robospice,2012-09-19T14:09:37Z,2968,1
jasonross/Nuwa,https://github.com/jasonross/Nuwa,2015-11-11T14:48:23Z,2964,0
CrawlScript/WebCollector,https://github.com/CrawlScript/WebCollector,2014-07-12T03:16:12Z,2957,0
bmelnychuk/AndroidTreeView,https://github.com/bmelnychuk/AndroidTreeView,2015-02-11T02:48:05Z,2939,0
bastillion-io/Bastillion,https://github.com/bastillion-io/Bastillion,2013-02-07T23:11:49Z,2930,17
KeepSafe/ReLinker,https://github.com/KeepSafe/ReLinker,2015-10-15T18:23:00Z,2927,12
apache/curator,https://github.com/apache/curator,2014-03-03T08:00:07Z,2919,0
googlesamples/android-vision,https://github.com/googlesamples/android-vision,2015-07-01T21:40:31Z,2915,0
yacy/yacy_search_server,https://github.com/yacy/yacy_search_server,2015-03-22T12:54:20Z,2909,0
googlesamples/google-services,https://github.com/googlesamples/google-services,2015-05-20T22:45:11Z,2903,0
javaee/jersey,https://github.com/javaee/jersey,2012-05-18T11:38:25Z,2897,30
geftimov/android-pathview,https://github.com/geftimov/android-pathview,2015-01-20T15:21:06Z,2897,2
iwgang/CountdownView,https://github.com/iwgang/CountdownView,2015-10-12T07:46:28Z,2896,3
sublimehq/Packages,https://github.com/sublimehq/Packages,2015-06-13T04:17:44Z,2892,0
OpenHFT/Chronicle-Queue,https://github.com/OpenHFT/Chronicle-Queue,2013-06-02T15:11:33Z,2892,448
fabric8io/kubernetes-client,https://github.com/fabric8io/kubernetes-client,2015-07-09T15:43:13Z,2888,94
udacity/Sunshine-Version-2,https://github.com/udacity/Sunshine-Version-2,2015-03-05T01:48:44Z,2886,0
ManuelPeinado/FadingActionBar,https://github.com/ManuelPeinado/FadingActionBar,2013-05-25T11:50:00Z,2881,0
sockeqwe/AdapterDelegates,https://github.com/sockeqwe/AdapterDelegates,2015-07-29T11:19:56Z,2874,18
fengjundev/Android-Skin-Loader,https://github.com/fengjundev/Android-Skin-Loader,2015-07-01T07:36:33Z,2867,0
jackpal/Android-Terminal-Emulator,https://github.com/jackpal/Android-Terminal-Emulator,2010-09-04T13:48:00Z,2866,0
SpecialCyCi/AndroidResideMenu,https://github.com/SpecialCyCi/AndroidResideMenu,2013-12-14T15:25:49Z,2859,7
race604/FlyRefresh,https://github.com/race604/FlyRefresh,2015-05-28T10:19:34Z,2857,2
AdoptOpenJDK/jitwatch,https://github.com/AdoptOpenJDK/jitwatch,2013-09-30T14:18:17Z,2850,11
bethrobson/Head-First-Design-Patterns,https://github.com/bethrobson/Head-First-Design-Patterns,2014-04-28T21:04:55Z,2848,0
oblador/react-native-keychain,https://github.com/oblador/react-native-keychain,2015-05-20T15:33:48Z,2847,30
YahooArchive/anthelion,https://github.com/YahooArchive/anthelion,2015-10-27T00:42:01Z,2846,0
openaphid/android-flip,https://github.com/openaphid/android-flip,2012-05-22T07:48:41Z,2845,0
jiangqqlmj/FastDev4Android,https://github.com/jiangqqlmj/FastDev4Android,2015-10-22T05:22:53Z,2842,4
saulmm/Android-Material-Examples,https://github.com/saulmm/Android-Material-Examples,2014-10-13T16:13:02Z,2842,0
googlearchive/android-Camera2Basic,https://github.com/googlearchive/android-Camera2Basic,2014-06-26T15:53:00Z,2840,0
w446108264/XhsEmoticonsKeyboard,https://github.com/w446108264/XhsEmoticonsKeyboard,2015-03-06T02:39:34Z,2839,7
wildfly/wildfly,https://github.com/wildfly/wildfly,2010-07-08T20:46:07Z,2838,37
google/binnavi,https://github.com/google/binnavi,2015-08-19T12:20:24Z,2834,3
donglua/PhotoPicker,https://github.com/donglua/PhotoPicker,2015-06-25T16:53:50Z,2832,13
jprante/elasticsearch-jdbc,https://github.com/jprante/elasticsearch-jdbc,2012-06-02T23:17:56Z,2831,19
fesh0r/fernflower,https://github.com/fesh0r/fernflower,2014-10-03T05:00:15Z,2830,0
JoanZapata/android-pdfview,https://github.com/JoanZapata/android-pdfview,2012-11-21T16:19:38Z,2816,0
tyzlmjj/PagerBottomTabStrip,https://github.com/tyzlmjj/PagerBottomTabStrip,2015-08-23T02:35:28Z,2808,12
RobotiumTech/robotium,https://github.com/RobotiumTech/robotium,2009-12-10T12:51:14Z,2807,0
JulienGenoud/android-percent-support-lib-sample,https://github.com/JulienGenoud/android-percent-support-lib-sample,2015-06-26T12:44:38Z,2804,2
real-logic/simple-binary-encoding,https://github.com/real-logic/simple-binary-encoding,2013-09-03T09:13:34Z,2801,77
square/flow,https://github.com/square/flow,2013-09-12T22:20:16Z,2789,0
elvishew/xLog,https://github.com/elvishew/xLog,2015-12-17T05:50:05Z,2781,16
Nightonke/CoCoin,https://github.com/Nightonke/CoCoin,2015-10-17T13:50:12Z,2781,0
javamelody/javamelody,https://github.com/javamelody/javamelody,2015-06-21T16:32:48Z,2779,46
EverythingMe/overscroll-decor,https://github.com/EverythingMe/overscroll-decor,2015-11-22T11:44:06Z,2769,0
JakeWharton/scalpel,https://github.com/JakeWharton/scalpel,2014-01-06T17:26:01Z,2767,0
airbnb/airpal,https://github.com/airbnb/airpal,2014-05-05T18:51:30Z,2765,0
pedrovgs/Algorithms,https://github.com/pedrovgs/Algorithms,2014-11-09T14:32:33Z,2760,0
arcadefire/nice-spinner,https://github.com/arcadefire/nice-spinner,2015-08-02T17:16:45Z,2757,18
spring-projects/spring-data-elasticsearch,https://github.com/spring-projects/spring-data-elasticsearch,2013-04-29T14:27:38Z,2750,78
Yalantis/GuillotineMenu-Android,https://github.com/Yalantis/GuillotineMenu-Android,2015-06-15T13:56:21Z,2737,2
oguzbilgener/CircularFloatingActionMenu,https://github.com/oguzbilgener/CircularFloatingActionMenu,2014-07-20T20:42:12Z,2735,0
saulmm/CoordinatorBehaviorExample,https://github.com/saulmm/CoordinatorBehaviorExample,2015-08-16T04:14:38Z,2721,0
BruceEckel/OnJava8-Examples,https://github.com/BruceEckel/OnJava8-Examples,2015-04-20T22:34:50Z,2720,3
flavioarfaria/KenBurnsView,https://github.com/flavioarfaria/KenBurnsView,2014-03-19T03:10:02Z,2718,4
AltBeacon/android-beacon-library,https://github.com/AltBeacon/android-beacon-library,2014-07-28T13:11:19Z,2717,87
jjoe64/GraphView,https://github.com/jjoe64/GraphView,2011-07-04T13:25:41Z,2716,1
EngineHub/WorldEdit,https://github.com/EngineHub/WorldEdit,2010-09-28T08:11:57Z,2711,0
aistrate/AlgorithmsSedgewick,https://github.com/aistrate/AlgorithmsSedgewick,2011-12-10T15:54:55Z,2706,0
chanjarster/weixin-java-tools,https://github.com/chanjarster/weixin-java-tools,2014-08-18T08:11:26Z,2702,21
code-troopers/android-betterpickers,https://github.com/code-troopers/android-betterpickers,2013-03-21T01:45:18Z,2699,16
kabouzeid/Phonograph,https://github.com/kabouzeid/Phonograph,2015-03-05T15:28:53Z,2692,0
500px/500px-android-blur,https://github.com/500px/500px-android-blur,2015-03-13T16:05:30Z,2690,0
Twitter4J/Twitter4J,https://github.com/Twitter4J/Twitter4J,2009-04-24T15:25:00Z,2690,1
r0adkll/Slidr,https://github.com/r0adkll/Slidr,2014-08-19T01:32:08Z,2685,5
florent37/ViewAnimator,https://github.com/florent37/ViewAnimator,2015-12-22T15:49:53Z,2684,3
JohnPersano/SuperToasts,https://github.com/JohnPersano/SuperToasts,2013-06-03T00:56:14Z,2683,5
jfeinstein10/JazzyViewPager,https://github.com/jfeinstein10/JazzyViewPager,2013-02-01T04:57:42Z,2681,0
spring-projects/spring-loaded,https://github.com/spring-projects/spring-loaded,2012-12-06T23:17:42Z,2677,0
jOOQ/jOOR,https://github.com/jOOQ/jOOR,2011-12-29T17:01:00Z,2675,0
react-native-google-signin/google-signin,https://github.com/react-native-google-signin/google-signin,2015-08-13T06:13:57Z,2672,53
siyamed/android-shape-imageview,https://github.com/siyamed/android-shape-imageview,2014-08-31T22:18:23Z,2657,2
gcacace/android-signaturepad,https://github.com/gcacace/android-signaturepad,2014-03-20T12:54:22Z,2657,0
SalomonBrys/ANR-WatchDog,https://github.com/SalomonBrys/ANR-WatchDog,2013-07-26T13:29:59Z,2655,1
nisrulz/sensey,https://github.com/nisrulz/sensey,2015-11-12T06:58:21Z,2654,13
google/hover,https://github.com/google/hover,2015-12-14T02:43:42Z,2653,0
Todd-Davies/ProgressWheel,https://github.com/Todd-Davies/ProgressWheel,2012-02-04T18:13:30Z,2653,3
ata4/disunity,https://github.com/ata4/disunity,2013-07-21T08:09:15Z,2653,15
simple-android-framework/android_design_patterns_analysis,https://github.com/simple-android-framework/android_design_patterns_analysis,2015-02-28T06:18:40Z,2650,0
qos-ch/logback,https://github.com/qos-ch/logback,2009-08-20T18:48:24Z,2648,0
zmxv/react-native-sound,https://github.com/zmxv/react-native-sound,2015-10-19T06:22:23Z,2646,15
deano2390/MaterialShowcaseView,https://github.com/deano2390/MaterialShowcaseView,2015-08-05T14:47:59Z,2643,15
spotify/docker-maven-plugin,https://github.com/spotify/docker-maven-plugin,2014-06-23T22:33:07Z,2643,0
sannies/mp4parser,https://github.com/sannies/mp4parser,2013-09-15T21:37:40Z,2643,13
chennaione/sugar,https://github.com/chennaione/sugar,2011-08-12T13:44:41Z,2640,6
bingoogolapple/BGABadgeView-Android,https://github.com/bingoogolapple/BGABadgeView-Android,2015-07-07T04:13:57Z,2640,0
Malinskiy/SuperRecyclerView,https://github.com/Malinskiy/SuperRecyclerView,2014-12-11T03:20:17Z,2640,7
qii/weiciyuan,https://github.com/qii/weiciyuan,2012-07-26T14:23:04Z,2637,0
widdix/aws-cf-templates,https://github.com/widdix/aws-cf-templates,2015-10-28T07:47:59Z,2627,152
SimonVT/android-menudrawer,https://github.com/SimonVT/android-menudrawer,2012-09-01T13:34:04Z,2614,0
sqlcipher/android-database-sqlcipher,https://github.com/sqlcipher/android-database-sqlcipher,2011-03-11T00:11:37Z,2614,0
dlew/joda-time-android,https://github.com/dlew/joda-time-android,2014-01-08T19:11:09Z,2612,40
sergejsha/pinned-section-listview,https://github.com/sergejsha/pinned-section-listview,2013-05-12T13:22:19Z,2611,5
igniterealtime/Openfire,https://github.com/igniterealtime/Openfire,2014-04-07T09:12:33Z,2604,86
liangfeidotme/MasteringAndroidDataBinding,https://github.com/liangfeidotme/MasteringAndroidDataBinding,2015-06-02T16:36:09Z,2599,0
mihaip/dex-method-counts,https://github.com/mihaip/dex-method-counts,2014-05-04T07:22:05Z,2595,0
spring-projects/spring-data-jpa,https://github.com/spring-projects/spring-data-jpa,2010-11-11T21:36:56Z,2593,78
esoxjem/MovieGuide,https://github.com/esoxjem/MovieGuide,2015-12-06T08:40:06Z,2592,0
bm-x/PhotoView,https://github.com/bm-x/PhotoView,2015-08-11T04:02:56Z,2590,0
VerbalExpressions/JavaVerbalExpressions,https://github.com/VerbalExpressions/JavaVerbalExpressions,2013-07-25T16:15:26Z,2589,9
cyrilmottier/GreenDroid,https://github.com/cyrilmottier/GreenDroid,2010-05-08T20:31:52Z,2588,0
mybatis/spring,https://github.com/mybatis/spring,2013-02-17T07:01:55Z,2585,29
voldemort/voldemort,https://github.com/voldemort/voldemort,2009-05-31T03:27:10Z,2585,10
LuckyJayce/ViewPagerIndicator,https://github.com/LuckyJayce/ViewPagerIndicator,2014-10-11T15:28:43Z,2584,16
medcl/elasticsearch-analysis-pinyin,https://github.com/medcl/elasticsearch-analysis-pinyin,2012-05-22T10:45:42Z,2582,185
FudanNLP/fnlp,https://github.com/FudanNLP/fnlp,2014-03-12T01:47:00Z,2580,3
prontera/spring-cloud-rest-tcc,https://github.com/prontera/spring-cloud-rest-tcc,2015-12-04T06:20:38Z,2580,0
andpor/react-native-sqlite-storage,https://github.com/andpor/react-native-sqlite-storage,2015-10-30T08:42:28Z,2578,30
square/keywhiz,https://github.com/square/keywhiz,2015-03-25T13:31:39Z,2577,3
facebookarchive/device-year-class,https://github.com/facebookarchive/device-year-class,2015-03-06T20:06:07Z,2577,2
00-Evan/shattered-pixel-dungeon,https://github.com/00-Evan/shattered-pixel-dungeon,2014-07-31T21:56:31Z,2576,43
google/truth,https://github.com/google/truth,2011-06-22T18:55:12Z,2573,26
mxn21/FlowingDrawer,https://github.com/mxn21/FlowingDrawer,2015-08-14T12:29:05Z,2567,0
pushtorefresh/storio,https://github.com/pushtorefresh/storio,2014-08-30T23:23:41Z,2566,30
AsamK/signal-cli,https://github.com/AsamK/signal-cli,2015-05-11T10:49:42Z,2557,69
tdebatty/java-string-similarity,https://github.com/tdebatty/java-string-similarity,2014-04-17T12:10:57Z,2557,26
fossasia/phimpme-android,https://github.com/fossasia/phimpme-android,2012-09-07T07:14:54Z,2556,8
OpenHFT/Chronicle-Map,https://github.com/OpenHFT/Chronicle-Map,2014-07-18T15:33:57Z,2556,88
prometheus/jmx_exporter,https://github.com/prometheus/jmx_exporter,2014-02-25T10:55:39Z,2554,22
cucumber/cucumber-jvm,https://github.com/cucumber/cucumber-jvm,2011-06-27T19:49:46Z,2549,9
katzer/cordova-plugin-local-notifications,https://github.com/katzer/cordova-plugin-local-notifications,2013-08-10T11:25:59Z,2544,0
mongodb/mongo-java-driver,https://github.com/mongodb/mongo-java-driver,2009-01-15T15:16:29Z,2536,130
osmdroid/osmdroid,https://github.com/osmdroid/osmdroid,2014-03-06T19:03:48Z,2536,27
apache/nutch,https://github.com/apache/nutch,2009-05-21T01:17:48Z,2536,0
soot-oss/soot,https://github.com/soot-oss/soot,2012-06-20T12:41:19Z,2527,1
federicoiosue/Omni-Notes,https://github.com/federicoiosue/Omni-Notes,2013-12-11T21:59:18Z,2524,39
vdurmont/emoji-java,https://github.com/vdurmont/emoji-java,2014-09-21T16:58:57Z,2517,19
pwittchen/ReactiveNetwork,https://github.com/pwittchen/ReactiveNetwork,2015-08-10T16:06:58Z,2516,47
SufficientlySecure/html-textview,https://github.com/SufficientlySecure/html-textview,2013-09-02T16:19:18Z,2514,0
iPaulPro/Android-ItemTouchHelper-Demo,https://github.com/iPaulPro/Android-ItemTouchHelper-Demo,2015-06-14T22:08:17Z,2512,3
AigeStudio/WheelPicker,https://github.com/AigeStudio/WheelPicker,2015-12-01T11:57:33Z,2508,0
javaee-samples/javaee7-samples,https://github.com/javaee-samples/javaee7-samples,2013-08-27T18:47:51Z,2507,0
romainguy/ViewServer,https://github.com/romainguy/ViewServer,2011-07-07T20:48:14Z,2504,0
Cleveroad/SlidingTutorial-Android,https://github.com/Cleveroad/SlidingTutorial-Android,2015-10-09T14:10:21Z,2500,0
docker-java/docker-java,https://github.com/docker-java/docker-java,2014-06-02T18:47:31Z,2500,46
thymeleaf/thymeleaf,https://github.com/thymeleaf/thymeleaf,2012-05-20T15:11:32Z,2491,4
litao0621/NiftyDialogEffects,https://github.com/litao0621/NiftyDialogEffects,2014-07-31T08:31:54Z,2489,3
real-logic/agrona,https://github.com/real-logic/agrona,2014-11-03T20:14:21Z,2489,75
nico2sh/materialish-progress,https://github.com/nico2sh/materialish-progress,2014-11-15T14:32:25Z,2489,0
nutzam/nutz,https://github.com/nutzam/nutz,2011-06-10T01:25:43Z,2485,23
balysv/material-menu,https://github.com/balysv/material-menu,2014-07-10T10:22:20Z,2484,20
2dxgujun/AndroidTagGroup,https://github.com/2dxgujun/AndroidTagGroup,2015-02-10T07:42:57Z,2481,5
JakeWharton/Telecine,https://github.com/JakeWharton/Telecine,2014-10-22T09:39:53Z,2478,17
johannilsson/android-pulltorefresh,https://github.com/johannilsson/android-pulltorefresh,2011-01-09T11:12:41Z,2477,0
JakeWharton/RxRelay,https://github.com/JakeWharton/RxRelay,2015-12-29T05:33:22Z,2468,0
Neamar/KISS,https://github.com/Neamar/KISS,2012-10-02T16:03:43Z,2462,97
igreenwood/SimpleCropView,https://github.com/igreenwood/SimpleCropView,2015-07-21T03:15:29Z,2458,16
liyiorg/weixin-popular,https://github.com/liyiorg/weixin-popular,2014-04-22T07:22:27Z,2458,47
daimajia/AnimationEasingFunctions,https://github.com/daimajia/AnimationEasingFunctions,2014-06-29T07:02:38Z,2457,1
ozodrukh/CircularReveal,https://github.com/ozodrukh/CircularReveal,2014-11-18T11:59:59Z,2449,17
saulmm/Material-Movies,https://github.com/saulmm/Material-Movies,2015-01-31T09:52:23Z,2438,0
torakiki/pdfsam,https://github.com/torakiki/pdfsam,2013-09-24T11:06:13Z,2434,52
xtuhcy/gecco,https://github.com/xtuhcy/gecco,2015-12-12T12:41:00Z,2429,19
apache/commons-lang,https://github.com/apache/commons-lang,2009-05-21T01:24:46Z,2428,0
apache/avro,https://github.com/apache/avro,2009-05-21T02:48:37Z,2425,19
Swagger2Markup/swagger2markup,https://github.com/Swagger2Markup/swagger2markup,2015-02-11T11:09:32Z,2421,9
konifar/android-material-design-icon-generator-plugin,https://github.com/konifar/android-material-design-icon-generator-plugin,2014-12-30T17:01:03Z,2421,4
path/android-priority-jobqueue,https://github.com/path/android-priority-jobqueue,2013-04-09T08:43:00Z,2420,0
internetarchive/heritrix3,https://github.com/internetarchive/heritrix3,2011-10-21T22:00:17Z,2418,13
square/tape,https://github.com/square/tape,2012-09-10T06:18:49Z,2418,0
Comcast/FreeFlow,https://github.com/Comcast/FreeFlow,2013-10-08T18:13:33Z,2418,1
Kong/unirest-java,https://github.com/Kong/unirest-java,2011-04-11T21:19:53Z,2413,33
ulisesbocchio/jasypt-spring-boot,https://github.com/ulisesbocchio/jasypt-spring-boot,2015-05-27T14:00:55Z,2402,10
yqritc/RecyclerView-FlexibleDivider,https://github.com/yqritc/RecyclerView-FlexibleDivider,2015-01-15T15:09:34Z,2401,15
classgraph/classgraph,https://github.com/classgraph/classgraph,2014-08-17T20:46:57Z,2396,400
apache/flume,https://github.com/apache/flume,2011-08-12T18:20:14Z,2394,0
xmuSistone/CardSlidePanel,https://github.com/xmuSistone/CardSlidePanel,2015-11-29T11:03:52Z,2391,0
Netflix/archaius,https://github.com/Netflix/archaius,2012-05-11T00:07:05Z,2390,47
syncthing/syncthing-android,https://github.com/syncthing/syncthing-android,2014-02-22T17:15:19Z,2373,293
caoxinyu/RedisClient,https://github.com/caoxinyu/RedisClient,2014-05-13T09:30:23Z,2373,4
AnySoftKeyboard/AnySoftKeyboard,https://github.com/AnySoftKeyboard/AnySoftKeyboard,2012-04-18T12:38:01Z,2367,44
ukanth/afwall,https://github.com/ukanth/afwall,2012-10-27T13:20:30Z,2362,50
http-kit/http-kit,https://github.com/http-kit/http-kit,2012-03-13T00:51:18Z,2355,28
alibaba/TProfiler,https://github.com/alibaba/TProfiler,2012-04-17T03:46:16Z,2347,0
balysv/material-ripple,https://github.com/balysv/material-ripple,2014-09-16T20:54:56Z,2346,3
eclipsesource/J2V8,https://github.com/eclipsesource/J2V8,2014-08-03T17:29:54Z,2344,0
xerial/sqlite-jdbc,https://github.com/xerial/sqlite-jdbc,2014-08-06T14:01:00Z,2336,16
elevenetc/TextSurface,https://github.com/elevenetc/TextSurface,2015-10-13T00:21:46Z,2335,2
Frank-Zhu/PullZoomView,https://github.com/Frank-Zhu/PullZoomView,2014-09-04T11:48:46Z,2333,0
qiujuer/Genius-Android,https://github.com/qiujuer/Genius-Android,2014-07-10T08:32:51Z,2322,16
igniterealtime/Smack,https://github.com/igniterealtime/Smack,2014-02-03T11:36:51Z,2322,0
pilgr/Paper,https://github.com/pilgr/Paper,2015-06-11T20:55:15Z,2321,10
Diolor/Swipecards,https://github.com/Diolor/Swipecards,2014-08-06T10:15:32Z,2320,0
bytedeco/javacpp-presets,https://github.com/bytedeco/javacpp-presets,2014-04-21T13:19:55Z,2318,9
vikramkakkar/SublimePicker,https://github.com/vikramkakkar/SublimePicker,2015-05-24T14:51:50Z,2318,0
assertj/assertj,https://github.com/assertj/assertj,2013-03-14T16:18:49Z,2317,0
deeplearning4j/deeplearning4j-examples,https://github.com/deeplearning4j/deeplearning4j-examples,2015-08-24T15:17:43Z,2315,0
googlemaps/android-samples,https://github.com/googlemaps/android-samples,2015-04-22T02:35:21Z,2315,12
delight-im/Android-AdvancedWebView,https://github.com/delight-im/Android-AdvancedWebView,2015-01-08T01:33:59Z,2314,0
spring-projects/spring-batch,https://github.com/spring-projects/spring-batch,2010-11-17T17:53:45Z,2311,32
alexvasilkov/GestureViews,https://github.com/alexvasilkov/GestureViews,2014-05-30T08:42:26Z,2309,16
LuckyJayce/LargeImage,https://github.com/LuckyJayce/LargeImage,2015-10-25T09:43:14Z,2306,5
GCX-HCI/tray,https://github.com/GCX-HCI/tray,2015-02-05T13:39:50Z,2304,8
code-mc/material-icon-lib,https://github.com/code-mc/material-icon-lib,2015-07-19T12:10:11Z,2289,12
H07000223/FlycoDialog_Master,https://github.com/H07000223/FlycoDialog_Master,2015-08-30T11:10:15Z,2287,3
akexorcist/RoundCornerProgressBar,https://github.com/akexorcist/RoundCornerProgressBar,2015-01-01T11:10:21Z,2276,11
Bukkit/Bukkit,https://github.com/Bukkit/Bukkit,2011-01-02T23:47:25Z,2262,0
DeemOpen/zkui,https://github.com/DeemOpen/zkui,2014-05-22T06:15:53Z,2256,0
hierynomus/sshj,https://github.com/hierynomus/sshj,2010-02-27T14:34:40Z,2256,0
huaban/jieba-analysis,https://github.com/huaban/jieba-analysis,2013-08-06T02:57:02Z,2256,0
linkedin/rest.li,https://github.com/linkedin/rest.li,2012-11-30T19:37:51Z,2253,1
openzipkin/brave,https://github.com/openzipkin/brave,2013-04-07T15:48:18Z,2253,80
rsocket/rsocket-java,https://github.com/rsocket/rsocket-java,2015-07-08T04:36:42Z,2247,85
google/jimfs,https://github.com/google/jimfs,2013-10-21T14:39:27Z,2246,7
Yalantis/Euclid,https://github.com/Yalantis/Euclid,2015-03-13T10:02:11Z,2245,0
skyfishjy/android-ripple-background,https://github.com/skyfishjy/android-ripple-background,2014-11-07T03:52:06Z,2243,0
addthis/stream-lib,https://github.com/addthis/stream-lib,2011-03-15T18:41:27Z,2242,0
pac4j/pac4j,https://github.com/pac4j/pac4j,2012-01-28T17:04:12Z,2240,0
drewnoakes/metadata-extractor,https://github.com/drewnoakes/metadata-extractor,2014-11-19T00:13:55Z,2237,33
Rajawali/Rajawali,https://github.com/Rajawali/Rajawali,2011-07-07T10:29:45Z,2234,8
logfellow/logstash-logback-encoder,https://github.com/logfellow/logstash-logback-encoder,2013-03-04T16:19:08Z,2234,29
plattysoft/Leonids,https://github.com/plattysoft/Leonids,2013-10-23T13:23:27Z,2232,6
markushi/android-ui,https://github.com/markushi/android-ui,2014-09-21T10:23:53Z,2230,0
hidroh/materialistic,https://github.com/hidroh/materialistic,2015-01-22T04:03:54Z,2228,15
soarcn/BottomSheet,https://github.com/soarcn/BottomSheet,2014-09-22T08:14:19Z,2228,0
h2oai/h2o-2,https://github.com/h2oai/h2o-2,2013-02-06T03:09:38Z,2223,0
bonigarcia/webdrivermanager,https://github.com/bonigarcia/webdrivermanager,2015-03-15T19:52:36Z,2221,39
theDazzler/droidicon,https://github.com/theDazzler/droidicon,2014-11-16T09:59:39Z,2214,0
rmtheis/android-ocr,https://github.com/rmtheis/android-ocr,2011-10-22T03:22:33Z,2204,0
Naoki2015/CircleDemo,https://github.com/Naoki2015/CircleDemo,2015-12-31T04:02:59Z,2204,0
zeromq/jeromq,https://github.com/zeromq/jeromq,2012-08-01T09:28:37Z,2190,0
anjlab/android-inapp-billing-v3,https://github.com/anjlab/android-inapp-billing-v3,2013-09-10T10:04:16Z,2189,41
zhanghai/MaterialProgressBar,https://github.com/zhanghai/MaterialProgressBar,2015-06-06T14:31:56Z,2189,16
apache/geode,https://github.com/apache/geode,2015-04-30T07:00:05Z,2187,26
Prototik/HoloEverywhere,https://github.com/Prototik/HoloEverywhere,2012-03-05T12:37:20Z,2183,2
konsoletyper/teavm,https://github.com/konsoletyper/teavm,2013-09-23T20:04:15Z,2183,11
unofficial-openjdk/openjdk,https://github.com/unofficial-openjdk/openjdk,2012-08-09T20:39:52Z,2181,0
lealone/Lealone,https://github.com/lealone/Lealone,2013-01-08T13:57:08Z,2178,3
square/mortar,https://github.com/square/mortar,2013-11-09T00:01:50Z,2168,0
spring-projects/spring-integration-samples,https://github.com/spring-projects/spring-integration-samples,2011-08-10T04:40:02Z,2168,0
jenkinsci/kubernetes-plugin,https://github.com/jenkinsci/kubernetes-plugin,2015-02-16T09:02:22Z,2168,129
avast/android-styled-dialogs,https://github.com/avast/android-styled-dialogs,2013-05-25T07:35:52Z,2168,8
android-cjj/BeautifulRefreshLayout,https://github.com/android-cjj/BeautifulRefreshLayout,2015-08-05T10:02:40Z,2160,0
xfumihiro/ViewInspector,https://github.com/xfumihiro/ViewInspector,2015-10-18T11:38:36Z,2160,0
jgilfelt/android-sqlite-asset-helper,https://github.com/jgilfelt/android-sqlite-asset-helper,2011-12-06T18:41:57Z,2157,2
zhangkaitao/es,https://github.com/zhangkaitao/es,2013-01-12T12:57:51Z,2156,0
gitblit-org/gitblit,https://github.com/gitblit-org/gitblit,2011-06-22T19:54:49Z,2153,7
l123456789jy/Lazy,https://github.com/l123456789jy/Lazy,2015-12-24T10:01:17Z,2153,0
stormzhang/9GAG,https://github.com/stormzhang/9GAG,2014-04-16T04:47:23Z,2147,1
eclipse/eclipse-collections,https://github.com/eclipse/eclipse-collections,2015-11-24T16:22:48Z,2145,18
buchen/portfolio,https://github.com/buchen/portfolio,2012-03-24T09:43:08Z,2145,172
FasterXML/jackson-core,https://github.com/FasterXML/jackson-core,2011-12-23T02:00:51Z,2144,0
nitaliano/react-native-mapbox-gl,https://github.com/nitaliano/react-native-mapbox-gl,2015-04-26T20:08:07Z,2143,30
Netflix/curator,https://github.com/Netflix/curator,2011-07-14T19:47:55Z,2137,0
mcharmas/android-parcelable-intellij-plugin,https://github.com/mcharmas/android-parcelable-intellij-plugin,2013-01-31T12:54:18Z,2135,6
apache/activemq,https://github.com/apache/activemq,2009-05-21T01:33:45Z,2132,0
AndroidKnife/RxBus,https://github.com/AndroidKnife/RxBus,2015-11-25T10:36:57Z,2129,0
avjinder/Minimal-Todo,https://github.com/avjinder/Minimal-Todo,2015-09-07T16:41:11Z,2125,1
android-cjj/Android-MaterialRefreshLayout,https://github.com/android-cjj/Android-MaterialRefreshLayout,2015-09-09T08:57:17Z,2121,0
ethereum/ethereumj,https://github.com/ethereum/ethereumj,2014-05-13T07:50:14Z,2120,38
searchbox-io/Jest,https://github.com/searchbox-io/Jest,2012-05-21T13:37:50Z,2120,0
apilayer/restcountries,https://github.com/apilayer/restcountries,2013-10-09T18:33:15Z,2120,19
apache/gobblin,https://github.com/apache/gobblin,2014-12-01T18:10:50Z,2118,7
zcweng/ToggleButton,https://github.com/zcweng/ToggleButton,2014-08-31T14:26:05Z,2115,0
mcharmas/Android-ReactiveLocation,https://github.com/mcharmas/Android-ReactiveLocation,2014-01-28T15:37:47Z,2110,0
AnderWeb/discreteSeekBar,https://github.com/AnderWeb/discreteSeekBar,2014-11-28T18:11:22Z,2108,0
Aspsine/SwipeToLoadLayout,https://github.com/Aspsine/SwipeToLoadLayout,2015-09-02T02:45:40Z,2107,5
modelmapper/modelmapper,https://github.com/modelmapper/modelmapper,2010-10-24T21:46:09Z,2105,0
sarxos/webcam-capture,https://github.com/sarxos/webcam-capture,2012-05-25T20:26:28Z,2104,11
chrisbanes/philm,https://github.com/chrisbanes/philm,2014-06-18T16:08:18Z,2101,0
qos-ch/slf4j,https://github.com/qos-ch/slf4j,2009-08-20T16:25:49Z,2099,0
twitter-archive/commons,https://github.com/twitter-archive/commons,2011-03-01T00:10:02Z,2096,0
spotify/helios,https://github.com/spotify/helios,2014-05-26T02:29:06Z,2092,423
jeecgboot/jeecg,https://github.com/jeecgboot/jeecg,2013-01-01T05:35:43Z,2088,0
moquette-io/moquette,https://github.com/moquette-io/moquette,2014-09-30T20:14:41Z,2088,8
lendylongli/qianghongbao,https://github.com/lendylongli/qianghongbao,2015-02-20T03:24:57Z,2086,0
cymcsg/UltimateAndroid,https://github.com/cymcsg/UltimateAndroid,2014-06-10T01:42:20Z,2086,0
mthli/Knife,https://github.com/mthli/Knife,2015-12-09T01:53:30Z,2085,2
tvbarthel/BlurDialogFragment,https://github.com/tvbarthel/BlurDialogFragment,2014-08-09T17:15:04Z,2077,3
google/santa-tracker-android,https://github.com/google/santa-tracker-android,2015-03-23T23:58:50Z,2077,4
Telegram-FOSS-Team/Telegram-FOSS,https://github.com/Telegram-FOSS-Team/Telegram-FOSS,2014-02-20T10:53:44Z,2074,59
zzz40500/AndroidSweetSheet,https://github.com/zzz40500/AndroidSweetSheet,2015-08-06T19:57:03Z,2070,1
reark/reark,https://github.com/reark/reark,2013-12-28T12:09:31Z,2070,1
confluentinc/kafka-rest,https://github.com/confluentinc/kafka-rest,2014-11-19T17:34:24Z,2066,0
siwangqishiq/ImageEditor-Android,https://github.com/siwangqishiq/ImageEditor-Android,2015-08-10T03:09:30Z,2065,0
androidquery/androidquery,https://github.com/androidquery/androidquery,2011-09-09T17:00:40Z,2058,1
baoyongzhang/android-PullRefreshLayout,https://github.com/baoyongzhang/android-PullRefreshLayout,2014-11-01T09:50:10Z,2058,0
HdrHistogram/HdrHistogram,https://github.com/HdrHistogram/HdrHistogram,2012-09-11T00:14:02Z,2057,1
fossasia/open-event-droidgen,https://github.com/fossasia/open-event-droidgen,2015-05-08T09:04:11Z,2051,12
Froussios/Intro-To-RxJava,https://github.com/Froussios/Intro-To-RxJava,2015-03-27T14:08:35Z,2048,0
M66B/XPrivacy,https://github.com/M66B/XPrivacy,2013-05-26T14:08:37Z,2045,168
toolbox4minecraft/amidst,https://github.com/toolbox4minecraft/amidst,2015-12-30T19:32:21Z,2045,31
speedment/speedment,https://github.com/speedment/speedment,2015-01-19T16:41:52Z,2043,68
find-sec-bugs/find-sec-bugs,https://github.com/find-sec-bugs/find-sec-bugs,2012-05-17T04:07:57Z,2043,18
apache/mahout,https://github.com/apache/mahout,2014-05-23T07:00:07Z,2043,0
bonnyfone/vectalign,https://github.com/bonnyfone/vectalign,2015-09-03T21:32:10Z,2041,0
amaembo/streamex,https://github.com/amaembo/streamex,2015-04-10T17:02:32Z,2034,2
ApmeM/android-flowlayout,https://github.com/ApmeM/android-flowlayout,2011-09-10T17:30:54Z,2033,0
hamcrest/JavaHamcrest,https://github.com/hamcrest/JavaHamcrest,2012-04-01T19:38:04Z,2032,7
shyiko/mysql-binlog-connector-java,https://github.com/shyiko/mysql-binlog-connector-java,2013-07-11T15:05:22Z,2031,16
Jude95/EasyRecyclerView,https://github.com/Jude95/EasyRecyclerView,2015-07-18T13:11:48Z,2028,0
connectbot/connectbot,https://github.com/connectbot/connectbot,2009-02-06T17:52:35Z,2025,522
hekailiang/squirrel,https://github.com/hekailiang/squirrel,2013-03-31T02:24:18Z,2021,0
DozerMapper/dozer,https://github.com/DozerMapper/dozer,2012-01-23T21:11:58Z,2011,9
qiujiayu/AutoLoadCache,https://github.com/qiujiayu/AutoLoadCache,2015-02-27T06:18:19Z,2009,19
KieronQuinn/PersistentSearch,https://github.com/KieronQuinn/PersistentSearch,2015-03-05T20:27:33Z,2002,0
JorgeCastilloPrz/AndroidFillableLoaders,https://github.com/JorgeCastilloPrz/AndroidFillableLoaders,2015-08-13T13:34:29Z,1996,0
romainpiel/Shimmer-android,https://github.com/romainpiel/Shimmer-android,2014-03-06T16:54:23Z,1990,0
scottyab/rootbeer,https://github.com/scottyab/rootbeer,2015-06-19T09:01:55Z,1990,3
Athou/commafeed,https://github.com/Athou/commafeed,2013-03-20T19:32:09Z,1989,8
tjerkw/Android-SlideExpandableListView,https://github.com/tjerkw/Android-SlideExpandableListView,2012-06-22T20:28:16Z,1985,0
mabe02/lanterna,https://github.com/mabe02/lanterna,2015-06-29T06:06:29Z,1985,0
konmik/nucleus,https://github.com/konmik/nucleus,2014-11-26T18:45:44Z,1982,0
novoda/android-demos,https://github.com/novoda/android-demos,2009-07-26T09:42:10Z,1980,2
VoltDB/voltdb,https://github.com/VoltDB/voltdb,2011-09-23T18:46:12Z,1979,0
normanmaurer/netty-in-action,https://github.com/normanmaurer/netty-in-action,2012-10-23T05:56:42Z,1979,0
jOOQ/jOOL,https://github.com/jOOQ/jOOL,2014-03-02T14:27:38Z,1977,0
white-cat/ThinkAndroid,https://github.com/white-cat/ThinkAndroid,2013-05-13T15:26:30Z,1976,0
kermitt2/grobid,https://github.com/kermitt2/grobid,2012-09-13T15:48:54Z,1972,18
PomepuyN/BlurEffectForAndroidDesign,https://github.com/PomepuyN/BlurEffectForAndroidDesign,2013-06-21T15:05:24Z,1972,0
card-io/card.io-Android-SDK,https://github.com/card-io/card.io-Android-SDK,2013-06-11T17:27:45Z,1968,22
fqrouter/fqrouter,https://github.com/fqrouter/fqrouter,2011-04-10T03:04:06Z,1968,0
HotswapProjects/HotswapAgent,https://github.com/HotswapProjects/HotswapAgent,2013-11-20T16:15:13Z,1960,14
googlesamples/android-testing-templates,https://github.com/googlesamples/android-testing-templates,2015-02-24T01:57:36Z,1957,0
TakahikoKawasaki/nv-websocket-client,https://github.com/TakahikoKawasaki/nv-websocket-client,2015-03-26T08:56:56Z,1956,0
phonegap/phonegap-plugin-push,https://github.com/phonegap/phonegap-plugin-push,2015-04-06T17:13:51Z,1955,0
pf4j/pf4j,https://github.com/pf4j/pf4j,2012-10-10T13:10:32Z,1954,0
nkzawa/socket.io-android-chat,https://github.com/nkzawa/socket.io-android-chat,2015-01-10T19:13:13Z,1953,0
Yalantis/StarWars.Android,https://github.com/Yalantis/StarWars.Android,2015-12-14T08:50:11Z,1946,0
liferay/liferay-portal,https://github.com/liferay/liferay-portal,2009-09-25T22:55:58Z,1945,97
kymjs/KJFrameForAndroid,https://github.com/kymjs/KJFrameForAndroid,2014-06-08T13:30:46Z,1944,22
osfans/trime,https://github.com/osfans/trime,2015-05-28T07:43:37Z,1943,16
commonmark/commonmark-java,https://github.com/commonmark/commonmark-java,2015-07-22T01:08:55Z,1942,33
gre/gl-react-native-v2,https://github.com/gre/gl-react-native-v2,2015-08-17T15:49:08Z,1938,11
JetBrains/intellij-plugins,https://github.com/JetBrains/intellij-plugins,2012-08-17T14:31:20Z,1937,0
recruit-lifestyle/WaveSwipeRefreshLayout,https://github.com/recruit-lifestyle/WaveSwipeRefreshLayout,2015-07-28T05:36:59Z,1934,7
prometheus/client_java,https://github.com/prometheus/client_java,2013-02-03T22:55:49Z,1931,34
tinkerpop/gremlin,https://github.com/tinkerpop/gremlin,2009-11-20T05:35:34Z,1930,0
decaywood/XueQiuSuperSpider,https://github.com/decaywood/XueQiuSuperSpider,2015-11-24T07:08:18Z,1928,0
boycy815/PinchImageView,https://github.com/boycy815/PinchImageView,2015-06-04T03:31:52Z,1928,0
detro/ghostdriver,https://github.com/detro/ghostdriver,2012-03-21T19:09:32Z,1922,9
confluentinc/schema-registry,https://github.com/confluentinc/schema-registry,2014-12-09T22:38:11Z,1921,0
marytts/marytts,https://github.com/marytts/marytts,2011-12-20T16:44:48Z,1916,28
ratpack/ratpack,https://github.com/ratpack/ratpack,2013-01-22T23:04:54Z,1914,69
scouter-project/scouter,https://github.com/scouter-project/scouter,2015-06-04T01:19:31Z,1913,86
apache/pdfbox,https://github.com/apache/pdfbox,2009-09-26T08:00:19Z,1913,0
apache/parquet-mr,https://github.com/apache/parquet-mr,2014-06-10T07:00:07Z,1910,0
protostuff/protostuff,https://github.com/protostuff/protostuff,2014-01-20T01:22:51Z,1907,17
UniversalMediaServer/UniversalMediaServer,https://github.com/UniversalMediaServer/UniversalMediaServer,2012-06-07T22:23:22Z,1906,102
ysc/QuestionAnsweringSystem,https://github.com/ysc/QuestionAnsweringSystem,2014-07-28T20:27:58Z,1904,0
ninjaframework/ninja,https://github.com/ninjaframework/ninja,2012-06-09T21:06:05Z,1902,0
Wizcorp/phonegap-facebook-plugin,https://github.com/Wizcorp/phonegap-facebook-plugin,2011-05-31T01:02:23Z,1900,11
elastic/elasticsearch-hadoop,https://github.com/elastic/elasticsearch-hadoop,2013-03-11T18:57:37Z,1898,108
dlazaro66/QRCodeReaderView,https://github.com/dlazaro66/QRCodeReaderView,2013-07-15T15:18:11Z,1894,0
joyoyao/superCleanMaster,https://github.com/joyoyao/superCleanMaster,2015-02-12T03:37:41Z,1891,0
sephiroth74/ImageViewZoom,https://github.com/sephiroth74/ImageViewZoom,2012-06-14T00:11:22Z,1891,0
wangchenyan/ponymusic,https://github.com/wangchenyan/ponymusic,2015-11-26T06:18:37Z,1889,1
sanluan/PublicCMS,https://github.com/sanluan/PublicCMS,2015-08-07T08:21:20Z,1888,19
unclebob/fitnesse,https://github.com/unclebob/fitnesse,2008-12-06T19:38:59Z,1888,6
bcgit/bc-java,https://github.com/bcgit/bc-java,2013-06-01T02:38:42Z,1886,0
evant/binding-collection-adapter,https://github.com/evant/binding-collection-adapter,2015-05-29T19:29:31Z,1881,0
ZhaoKaiQiang/KLog,https://github.com/ZhaoKaiQiang/KLog,2015-11-12T10:21:33Z,1881,0
psal/anonymouth,https://github.com/psal/anonymouth,2013-06-24T19:30:34Z,1881,0
friendlyrobotnyc/TinyDancer,https://github.com/friendlyrobotnyc/TinyDancer,2015-09-11T01:27:25Z,1880,2
spring-projects/spring-retry,https://github.com/spring-projects/spring-retry,2010-12-21T16:41:48Z,1879,7
Kaopiz/android-segmented-control,https://github.com/Kaopiz/android-segmented-control,2014-02-06T17:45:28Z,1878,0
plutext/docx4j,https://github.com/plutext/docx4j,2012-05-11T22:13:30Z,1878,0
zhegexiaohuozi/SeimiCrawler,https://github.com/zhegexiaohuozi/SeimiCrawler,2015-11-06T16:06:36Z,1877,13
hitherejoe/Android-Boilerplate,https://github.com/hitherejoe/Android-Boilerplate,2015-04-03T10:04:38Z,1875,0
open-keychain/open-keychain,https://github.com/open-keychain/open-keychain,2012-03-09T09:10:42Z,1874,0
wingjay/jianshi,https://github.com/wingjay/jianshi,2015-10-04T11:49:14Z,1872,7
linger1216/labelview,https://github.com/linger1216/labelview,2015-02-13T14:56:41Z,1869,3
SkyTubeTeam/SkyTube,https://github.com/SkyTubeTeam/SkyTube,2015-11-20T11:48:20Z,1866,45
mathew-kurian/TextJustify-Android,https://github.com/mathew-kurian/TextJustify-Android,2013-09-13T04:19:31Z,1865,5
Netflix/EVCache,https://github.com/Netflix/EVCache,2013-02-08T22:52:57Z,1865,304
MiCode/Notes,https://github.com/MiCode/Notes,2011-12-27T02:46:59Z,1863,0
apache/ambari,https://github.com/apache/ambari,2011-09-23T07:00:08Z,1862,0
ehcache/ehcache3,https://github.com/ehcache/ehcache3,2014-02-26T20:39:16Z,1862,44
sleuthkit/autopsy,https://github.com/sleuthkit/autopsy,2011-10-05T02:11:11Z,1861,23
AigeStudio/DatePicker,https://github.com/AigeStudio/DatePicker,2015-03-27T14:16:33Z,1857,0
spring-cloud/spring-cloud-config,https://github.com/spring-cloud/spring-cloud-config,2014-06-13T16:59:44Z,1857,3
parse-community/Parse-SDK-Android,https://github.com/parse-community/Parse-SDK-Android,2015-08-12T22:57:48Z,1857,65
flavienlaurent/datetimepicker,https://github.com/flavienlaurent/datetimepicker,2013-06-02T18:22:24Z,1846,0
lyft/scissors,https://github.com/lyft/scissors,2015-11-18T02:06:10Z,1846,0
airbnb/AirMapView,https://github.com/airbnb/AirMapView,2015-02-18T17:50:15Z,1843,3
opentripplanner/OpenTripPlanner,https://github.com/opentripplanner/OpenTripPlanner,2011-07-18T16:15:38Z,1843,4
Karumi/Rosie,https://github.com/Karumi/Rosie,2015-11-20T10:22:54Z,1838,9
romainpiel/Titanic,https://github.com/romainpiel/Titanic,2014-03-14T14:35:28Z,1837,0
Yalantis/FlipViewPager.Draco,https://github.com/Yalantis/FlipViewPager.Draco,2015-04-10T15:10:54Z,1837,0
felipecsl/AsymmetricGridView,https://github.com/felipecsl/AsymmetricGridView,2014-04-08T19:25:37Z,1836,0
nelenkov/android-backup-extractor,https://github.com/nelenkov/android-backup-extractor,2012-06-08T13:33:46Z,1836,54
eclipse/paho.mqtt.java,https://github.com/eclipse/paho.mqtt.java,2015-12-16T19:13:48Z,1835,7
matrixxun/ProductTour,https://github.com/matrixxun/ProductTour,2015-06-08T08:19:37Z,1829,0
wangdan/AisenWeiBo,https://github.com/wangdan/AisenWeiBo,2014-10-10T03:22:08Z,1827,0
hellokaton/wechat-api,https://github.com/hellokaton/wechat-api,2014-11-06T05:41:04Z,1827,3
cbeust/jcommander,https://github.com/cbeust/jcommander,2010-07-13T05:40:31Z,1822,0
hongyangAndroid/android-percent-support-extend,https://github.com/hongyangAndroid/android-percent-support-extend,2015-06-30T12:39:20Z,1819,0
mattdesl/lwjgl-basics,https://github.com/mattdesl/lwjgl-basics,2012-11-05T01:42:27Z,1818,0
cbeust/testng,https://github.com/cbeust/testng,2010-06-28T23:10:17Z,1817,4
Azure/azure-sdk-for-java,https://github.com/Azure/azure-sdk-for-java,2011-12-06T23:33:56Z,1808,1000
goldmansachs/gs-collections,https://github.com/goldmansachs/gs-collections,2011-12-23T19:17:17Z,1806,15
p6spy/p6spy,https://github.com/p6spy/p6spy,2010-12-28T21:35:51Z,1806,25
webbukkit/dynmap,https://github.com/webbukkit/dynmap,2010-12-27T18:47:24Z,1803,8
sharpie7/circuitjs1,https://github.com/sharpie7/circuitjs1,2015-06-15T02:11:14Z,1801,0
redsolution/xabber-android,https://github.com/redsolution/xabber-android,2013-01-29T12:16:51Z,1799,28
pinterest/secor,https://github.com/pinterest/secor,2014-04-15T22:26:44Z,1796,0
pakerfeldt/android-viewflow,https://github.com/pakerfeldt/android-viewflow,2011-05-07T06:09:24Z,1794,0
OryxProject/oryx,https://github.com/OryxProject/oryx,2014-07-25T20:08:44Z,1794,24
jaredrummler/AndroidProcesses,https://github.com/jaredrummler/AndroidProcesses,2015-10-20T13:24:30Z,1791,0
qdrzwd/VideoRecorder,https://github.com/qdrzwd/VideoRecorder,2014-03-22T14:44:01Z,1790,0
flyingsaucerproject/flyingsaucer,https://github.com/flyingsaucerproject/flyingsaucer,2010-04-19T23:26:11Z,1790,18
tuesda/CircleRefreshLayout,https://github.com/tuesda/CircleRefreshLayout,2015-07-20T18:19:49Z,1789,0
iPaulPro/aFileChooser,https://github.com/iPaulPro/aFileChooser,2011-12-16T13:56:07Z,1788,0
videlalvaro/gifsockets,https://github.com/videlalvaro/gifsockets,2012-09-14T11:39:00Z,1786,0
jcoleman/tomcat-redis-session-manager,https://github.com/jcoleman/tomcat-redis-session-manager,2011-08-04T19:25:11Z,1786,0
henrytao-me/smooth-app-bar-layout,https://github.com/henrytao-me/smooth-app-bar-layout,2015-09-27T08:25:23Z,1783,0
notnoop/java-apns,https://github.com/notnoop/java-apns,2009-11-14T00:52:39Z,1783,5
signalapp/libsignal-protocol-java,https://github.com/signalapp/libsignal-protocol-java,2014-12-08T23:57:36Z,1782,0
zzz40500/android-shapeLoadingView,https://github.com/zzz40500/android-shapeLoadingView,2015-04-06T04:56:31Z,1781,1
iiordanov/remote-desktop-clients,https://github.com/iiordanov/remote-desktop-clients,2012-02-26T19:22:07Z,1780,64
Q42/AndroidScrollingImageView,https://github.com/Q42/AndroidScrollingImageView,2015-08-04T14:31:14Z,1780,8
medyo/Fancybuttons,https://github.com/medyo/Fancybuttons,2014-07-08T00:00:48Z,1778,11
dmytrodanylyk/shadow-layout,https://github.com/dmytrodanylyk/shadow-layout,2015-03-09T19:48:01Z,1775,0
apache/drill,https://github.com/apache/drill,2012-09-05T07:00:26Z,1774,28
geometer/FBReaderJ,https://github.com/geometer/FBReaderJ,2010-09-29T18:35:28Z,1774,0
tdunning/t-digest,https://github.com/tdunning/t-digest,2013-11-19T00:07:15Z,1773,0
RichardWarburton/java-8-lambdas-exercises,https://github.com/RichardWarburton/java-8-lambdas-exercises,2014-02-09T23:40:54Z,1771,0
spring-projects/spring-session,https://github.com/spring-projects/spring-session,2014-06-20T21:16:58Z,1771,45
mikepenz/LollipopShowcase,https://github.com/mikepenz/LollipopShowcase,2014-10-22T19:57:16Z,1770,6
torodb/stampede,https://github.com/torodb/stampede,2014-10-23T17:04:21Z,1768,8
stephentuso/welcome-android,https://github.com/stephentuso/welcome-android,2015-12-05T04:34:06Z,1767,24
GlowstoneMC/Glowstone,https://github.com/GlowstoneMC/Glowstone,2015-04-05T22:30:55Z,1765,28
JoanZapata/base-adapter-helper,https://github.com/JoanZapata/base-adapter-helper,2013-04-05T11:35:13Z,1762,0
artem-zinnatullin/qualitymatters,https://github.com/artem-zinnatullin/qualitymatters,2015-11-22T03:42:39Z,1758,0
EsotericSoftware/kryonet,https://github.com/EsotericSoftware/kryonet,2013-11-06T13:25:34Z,1754,1
jdbi/jdbi,https://github.com/jdbi/jdbi,2009-06-17T16:36:36Z,1752,22
kilim/kilim,https://github.com/kilim/kilim,2010-04-09T12:02:18Z,1752,0
vaadin/framework,https://github.com/vaadin/framework,2012-10-19T10:41:30Z,1745,180
bucket4j/bucket4j,https://github.com/bucket4j/bucket4j,2014-10-12T14:19:18Z,1744,45
indy256/codelibrary,https://github.com/indy256/codelibrary,2011-03-17T20:38:29Z,1743,0
yrom/ScreenRecorder,https://github.com/yrom/ScreenRecorder,2014-11-26T15:35:43Z,1742,3
openhab/openhab-addons,https://github.com/openhab/openhab-addons,2014-05-13T19:41:58Z,1741,4
flavienlaurent/NotBoringActionBar,https://github.com/flavienlaurent/NotBoringActionBar,2013-11-21T12:01:28Z,1740,0
nayuki/Project-Euler-solutions,https://github.com/nayuki/Project-Euler-solutions,2011-06-12T22:36:02Z,1740,0
fyhertz/spydroid-ipcamera,https://github.com/fyhertz/spydroid-ipcamera,2013-01-25T04:48:30Z,1737,0
Haptic-Apps/Slide,https://github.com/Haptic-Apps/Slide,2015-10-01T23:21:26Z,1732,25
linkedin/dexmaker,https://github.com/linkedin/dexmaker,2014-12-17T07:22:19Z,1731,14
beefe/react-native-picker,https://github.com/beefe/react-native-picker,2015-12-13T18:11:28Z,1730,6
liuguangqiang/SwipeBack,https://github.com/liuguangqiang/SwipeBack,2014-06-19T06:15:36Z,1728,0
singwhatiwanna/android-art-res,https://github.com/singwhatiwanna/android-art-res,2015-07-24T03:17:48Z,1719,0
fabric8io/docker-maven-plugin,https://github.com/fabric8io/docker-maven-plugin,2014-03-26T06:10:05Z,1718,19
hongyangAndroid/AndroidChangeSkin,https://github.com/hongyangAndroid/AndroidChangeSkin,2015-11-02T10:33:14Z,1717,0
rallat/EffectiveAndroid,https://github.com/rallat/EffectiveAndroid,2015-08-05T04:12:23Z,1717,0
Cutta/GifView,https://github.com/Cutta/GifView,2015-12-26T21:44:51Z,1716,0
limpoxe/Android-Plugin-Framework,https://github.com/limpoxe/Android-Plugin-Framework,2015-05-04T06:48:47Z,1713,2
apache/tinkerpop,https://github.com/apache/tinkerpop,2015-02-07T08:00:05Z,1712,0
googleapis/google-cloud-java,https://github.com/googleapis/google-cloud-java,2014-11-04T17:57:16Z,1704,438
tangqi92/WaveLoadingView,https://github.com/tangqi92/WaveLoadingView,2015-12-15T07:58:57Z,1704,4
jberkel/sms-backup-plus,https://github.com/jberkel/sms-backup-plus,2010-01-05T13:49:00Z,1703,53
asciidocfx/AsciidocFX,https://github.com/asciidocfx/AsciidocFX,2014-05-18T17:49:13Z,1702,85
FreeTymeKiyan/LeetCode-Sol-Res,https://github.com/FreeTymeKiyan/LeetCode-Sol-Res,2015-01-11T16:29:55Z,1702,0
wasabeef/picasso-transformations,https://github.com/wasabeef/picasso-transformations,2015-01-13T07:43:23Z,1699,0
facebook/screenshot-tests-for-android,https://github.com/facebook/screenshot-tests-for-android,2015-08-31T18:36:02Z,1697,11
stagemonitor/stagemonitor,https://github.com/stagemonitor/stagemonitor,2013-08-02T15:09:16Z,1696,93
JakeWharton/ProcessPhoenix,https://github.com/JakeWharton/ProcessPhoenix,2015-07-08T05:39:28Z,1700,0
wszf/androrat,https://github.com/wszf/androrat,2014-02-15T06:38:38Z,1700,0
Snailclimb/JavaGuide,https://github.com/Snailclimb/JavaGuide,2018-05-07T13:27:00Z,131969,0
MisterBooo/LeetCodeAnimation,https://github.com/MisterBooo/LeetCodeAnimation,2018-12-06T08:01:22Z,72530,0
macrozheng/mall,https://github.com/macrozheng/mall,2018-04-04T01:11:44Z,64169,2
airbnb/lottie-android,https://github.com/airbnb/lottie-android,2016-10-06T22:42:42Z,33693,44
alibaba/arthas,https://github.com/alibaba/arthas,2018-08-29T17:15:57Z,31960,47
xkcoding/spring-boot-demo,https://github.com/xkcoding/spring-boot-demo,2017-11-10T06:27:29Z,28988,0
apolloconfig/apollo,https://github.com/apolloconfig/apollo,2016-03-04T10:24:23Z,27852,38
lenve/vhr,https://github.com/lenve/vhr,2018-01-04T08:57:51Z,25700,0
proxyee-down-org/proxyee-down,https://github.com/proxyee-down-org/proxyee-down,2017-10-25T10:07:27Z,25098,49
alibaba/Sentinel,https://github.com/alibaba/Sentinel,2018-04-04T06:37:33Z,20685,23
elunez/eladmin,https://github.com/elunez/eladmin,2018-12-14T08:54:24Z,19441,0
didi/DoKit,https://github.com/didi/DoKit,2018-08-14T10:32:07Z,19356,10
CarGuo/GSYVideoPlayer,https://github.com/CarGuo/GSYVideoPlayer,2016-11-13T12:34:31Z,18349,42
oracle/graal,https://github.com/oracle/graal,2016-01-14T17:11:35Z,18323,32
Anuken/Mindustry,https://github.com/Anuken/Mindustry,2017-04-30T01:24:29Z,17360,151
shuzheng/zheng,https://github.com/shuzheng/zheng,2016-10-04T10:07:06Z,16455,0
dyc87112/SpringBoot-Learning,https://github.com/dyc87112/SpringBoot-Learning,2016-08-21T03:39:06Z,15035,0
baomidou/mybatis-plus,https://github.com/baomidou/mybatis-plus,2016-08-18T10:06:53Z,14189,24
